path,phase,required,owner,status,revision,sha256,consumes,evidence_ids,confidentiality,produced_by,verified_by,verification_id,verification_event_id,provenance_event_id,schema_id,schema_revision,semantic_type,na_policy_code,na_reason_code,verifier_registry_id,signing_key_id,updated_at,notes
00-governance/intake-original.md,INTAKE,true,root-integration-owner,DRAFT,1,b4e6442ac64366c6f04fa610276bd7870d02dda76b447b5435c128be778273bb,,INPUT-001,UNRESOLVED,single-input-kickoff,,,,,S4::00_governance_intake_original_md,1,intake_original,INTAKE_REQUIRED,,,,2026-08-29T04:40:29Z,File existence is not verification.
00-governance/intake.json,INTAKE,true,root-integration-owner,DRAFT,1,dc2ddb1024f077a09024a6a6b2f8a9174cb7671f53b3b516bee296a866ca8ce2,00-governance/intake-original.md,INPUT-001,UNRESOLVED,single-input-kickoff,,,,,S4::00_governance_intake_json,1,normalized_intake,INTAKE_REQUIRED,,,,2026-08-29T04:40:29Z,File existence is not verification.
00-governance/program-charter.md,INTAKE,true,root-integration-owner,DRAFT,2,801d4057b9badb49c0d92f7ce97c58671713a2c9aa4882b2251a47c37dc7f0b9,00-governance/intake.json,INPUT-001,UNRESOLVED,root-integration-owner,,,,PROV-d135b2f3b56e,S4::00_governance_program_charter_md,1,program_charter,CHARTER_REQUIRED,,,,2026-08-29T04:48:11Z,Current root-produced draft; not independently verified and does not close a scientific or human gate.
00-governance/decision-log.md,INTAKE,false,root-integration-owner,DRAFT,2,9db33756d52191b1e53662e29585a073ffef9db06e11c713ccba1a7af49c1950,00-governance/intake.json,INPUT-001,UNRESOLVED,root-integration-owner,,,,PROV-ebb7ff2f186f,S4::00_governance_decision_log_md,1,decision_log,CONTROL_LEDGER,,,,2026-08-29T04:48:11Z,Current root-produced draft; not independently verified and does not close a scientific or human gate.
00-governance/study-profile.json,INTAKE,true,root-integration-owner,DRAFT,2,65653add0ca0b90b4569d257a387897214be170a5c715efac00f7a4b1bd9f5da,00-governance/intake.json,INPUT-001,UNRESOLVED,root-integration-owner,,,,PROV-a85a03a7aa3b,S4::00_governance_study_profile_json,1,study_profile,PROFILE_REQUIRED_BEFORE_DESIGN,,,,2026-08-29T04:48:11Z,Current root-produced draft; not independently verified and does not close a scientific or human gate.
00-governance/egress-policy.json,INTAKE,false,root-integration-owner,DRAFT,2,9cb88089a9cac45e0aec5a8f1344e0dff946f3a887497b4b41f9b05b6296c709,00-governance/program-charter.md,INPUT-001,UNRESOLVED,root-integration-owner,,,,PROV-6093cd659693,S4::00_governance_egress_policy_json,1,egress_policy,DOCUMENTED_EXCEPTION,,,,2026-08-30T03:56:34Z,"User-authorized private GitHub egress to the authenticated zmzubraj account on 2026-08-30; private keys, credentials, raw E3 archives, and confidential evaluator records remain denied."
00-governance/capability-preflight.json,INTAKE,false,root-integration-owner,DRAFT,1,1ef2df2f41b5dc04d2527080279d97809e5bccfda8fa3004d11797e97f9b25f0,00-governance/program-charter.md,INPUT-001,UNRESOLVED,root-integration-owner,,,,PROV-11dcdb883c4d,S4::00_governance_capability_preflight_json,1,capability_preflight,DOCUMENTED_EXCEPTION,,,,2026-08-29T04:48:11Z,Current root-produced draft; not independently verified and does not close a scientific or human gate.
01-novelty/problem-investigation.md,NOVELTY_AUDIT,true,root-integration-owner,DRAFT,1,5d6cc3c2defd42432acf4761606da57f5715f308e63af8af6a013919675681a7,00-governance/program-charter.md,"PA001,PA002,PA003,PA004,PA006,PA007,PA008,PA013,PA014",UNRESOLVED,root-integration-owner,,,,PROV-71742b86bb5d,S4::01_novelty_problem_investigation_md,1,01_novelty_problem_investigation_md_document,CANONICAL_ARTIFACT_POLICY,,,,2026-08-29T04:56:27Z,Primary draft only. Novelty remains unresolved; independent search challenge and scientific verification are pending.
01-novelty/novelty-claim-specification.md,NOVELTY_AUDIT,true,root-integration-owner,DRAFT,1,0dfe967470e1b1b857e4c3487517cc60d318a4ece96bcb5236a8c3ce487ccee3,01-novelty/problem-investigation.md,"PA001,PA002,PA003,PA004,PA006,PA007,PA008,PA013,PA014",UNRESOLVED,root-integration-owner,,,,PROV-a451315474ac,S4::01_novelty_novelty_claim_specification_md,1,01_novelty_novelty_claim_specification_md_document,CANONICAL_ARTIFACT_POLICY,,,,2026-08-29T04:56:27Z,Primary draft only. Novelty remains unresolved; independent search challenge and scientific verification are pending.
01-novelty/search-protocol.md,NOVELTY_AUDIT,true,root-integration-owner,DRAFT,1,1f81e4028edb8c8a8cf082ce3200cd6176efe79de616fc0c2d57ee47b837ec05,01-novelty/problem-investigation.md,"PA001,PA002,PA003,PA004,PA006,PA007,PA008,PA013,PA014",UNRESOLVED,root-integration-owner,,,,PROV-9c58c0f6907f,S4::01_novelty_search_protocol_md,1,01_novelty_search_protocol_md_document,CANONICAL_ARTIFACT_POLICY,,,,2026-08-29T04:56:27Z,Primary draft only. Novelty remains unresolved; independent search challenge and scientific verification are pending.
01-novelty/prior-art-query-log.json,NOVELTY_AUDIT,true,root-integration-owner,DRAFT,1,70913c80b2dae16ace57098ce01840e433a7827e7e7e582f55f3811f69e5a1aa,01-novelty/search-protocol.md,"PA001,PA002,PA003,PA004,PA006,PA007,PA008,PA013,PA014",UNRESOLVED,root-integration-owner,,,,PROV-61537ea291f6,S4::01_novelty_prior_art_query_log_json,1,prior_art_query_log,NOVELTY_SEARCH_REQUIRED,,,,2026-08-29T04:56:27Z,Primary draft only. Novelty remains unresolved; independent search challenge and scientific verification are pending.
01-novelty/prior-art-raw-snapshots.json,NOVELTY_AUDIT,true,root-integration-owner,DRAFT,1,d6863d1b0395cb7ffd071e8887016d701f32e4e28de825fb59bb5c38426155fa,01-novelty/prior-art-query-log.json,"PA001,PA002,PA003,PA004,PA006,PA007,PA008,PA013,PA014",UNRESOLVED,root-integration-owner,,,,PROV-35d46c1dc328,S4::01_novelty_prior_art_raw_snapshots_json,1,prior_art_raw_snapshots,NOVELTY_SEARCH_REQUIRED,,,,2026-08-29T04:56:27Z,Primary draft only. Novelty remains unresolved; independent search challenge and scientific verification are pending.
01-novelty/prior-art-dedup-report.json,NOVELTY_AUDIT,true,root-integration-owner,DRAFT,1,94f2f2613ece063b362146dfa1854dfaddd954ce6a1e6a1a38534ed62cef0004,01-novelty/prior-art-raw-snapshots.json,"PA001,PA002,PA003,PA004,PA006,PA007,PA008,PA013,PA014",UNRESOLVED,root-integration-owner,,,,PROV-e73bdaa8d36b,S4::01_novelty_prior_art_dedup_report_json,1,prior_art_dedup_report,NOVELTY_SEARCH_REQUIRED,,,,2026-08-29T04:56:27Z,Primary draft only. Novelty remains unresolved; independent search challenge and scientific verification are pending.
01-novelty/search-coverage.csv,NOVELTY_AUDIT,true,root-integration-owner,DRAFT,2,ac266b6e37a8619f69215e97eff8df35346650ebab1e8ec6af224a1877adb103,01-novelty/novelty-claim-specification.md|01-novelty/search-protocol.md,PA014,UNRESOLVED,root-integration-owner,,,,PROV-1a0cc6bf70c6,S4::01_novelty_search_coverage_csv,1,search_coverage,NOVELTY_SEARCH_REQUIRED,,,,2026-08-29T04:57:17Z,Machine-reconciled live OpenAlex and Crossref coverage only; independent challenge and non-API surfaces remain documented but unverified.
01-novelty/evidence-ledger.csv,NOVELTY_AUDIT,true,root-integration-owner,DRAFT,1,f88e351b0962f79c0f32dd610e7df9cbed491a8a250f53c404ec85e6f2d224eb,01-novelty/search-protocol.md,"PA001,PA002,PA003,PA004,PA006,PA007,PA008,PA013,PA014",UNRESOLVED,root-integration-owner,,,,PROV-b8ec03ae5703,S4::01_novelty_evidence_ledger_csv,1,evidence_ledger,NOVELTY_SEARCH_REQUIRED,,,,2026-08-29T04:56:28Z,Primary draft only. Novelty remains unresolved; independent search challenge and scientific verification are pending.
01-novelty/independent-search-challenge.md,NOVELTY_AUDIT,true,root-integration-owner,DRAFT,1,dda7a30217353a0acfbb5b05d42cdc0454eb057115c16975716206e20334b979,01-novelty/novelty-claim-specification.md|01-novelty/search-coverage.csv|01-novelty/evidence-ledger.csv,"PA001,PA002,PA003,PA004,PA006,PA007,PA008,PA013,PA014",UNRESOLVED,root-integration-owner,,,,PROV-20feb3f1ac7c,S4::01_novelty_independent_search_challenge_md,1,01_novelty_independent_search_challenge_md_document,CANONICAL_ARTIFACT_POLICY,,,,2026-08-29T04:56:28Z,Primary draft only. Novelty remains unresolved; independent search challenge and scientific verification are pending.
01-novelty/novelty-matrix.csv,NOVELTY_AUDIT,true,root-integration-owner,DRAFT,1,6d73b5f22bd49f8baeca4d6723ea4b1a33eb88d5d73c527e0e8a93485f757144,01-novelty/evidence-ledger.csv|01-novelty/search-coverage.csv|01-novelty/independent-search-challenge.md,"PA001,PA002,PA003,PA004,PA006,PA007,PA008,PA013,PA014",UNRESOLVED,root-integration-owner,,,,PROV-b5536a9964d0,S4::01_novelty_novelty_matrix_csv,1,novelty_matrix,NOVELTY_MATRIX_REQUIRED,,,,2026-08-29T04:56:28Z,Primary draft only. Novelty remains unresolved; independent search challenge and scientific verification are pending.
01-novelty/citation-audit.md,NOVELTY_AUDIT,true,root-integration-owner,DRAFT,2,c497ff45e78e52222e745b21b48061dc3e286656c7b2c958796722862c238937,01-novelty/evidence-ledger.csv|01-novelty/novelty-matrix.csv,DEV-ALR-20260830,UNRESOLVED,root-integration-owner,,,,PROV-e46f20b0405e,S4::01_novelty_citation_audit_md,1,01_novelty_citation_audit_md_document,CANONICAL_ARTIFACT_POLICY,,,,2026-08-30T03:33:30Z,Producer-owned developmental artifact. Semantic validation and provenance recorded; independent scientific and accountable-human verification remain pending.
01-novelty/causal-model.mmd,NOVELTY_AUDIT,true,root-integration-owner,DRAFT,1,555189adc77955b16fead25346c5e503640714c21d941146466f518041ca2e6b,01-novelty/problem-investigation.md,"PA001,PA002,PA003,PA004,PA006,PA007,PA008,PA013,PA014",UNRESOLVED,root-integration-owner,,,,PROV-2f583bef8f12,S4::01_novelty_causal_model_mmd,1,01_novelty_causal_model_mmd_diagram,CANONICAL_ARTIFACT_POLICY,,,,2026-08-29T04:56:28Z,Primary draft only. Novelty remains unresolved; independent search challenge and scientific verification are pending.
01-novelty/candidate-portfolio.md,NOVELTY_AUDIT,true,root-integration-owner,DRAFT,1,244a5086a71b6969d4401d2bcebff048822e992635e60736638736a7a29c77b2,01-novelty/novelty-matrix.csv|01-novelty/causal-model.mmd,"PA001,PA002,PA003,PA004,PA006,PA007,PA008,PA013,PA014",UNRESOLVED,root-integration-owner,,,,PROV-9a074858bcf7,S4::01_novelty_candidate_portfolio_md,1,01_novelty_candidate_portfolio_md_document,CANONICAL_ARTIFACT_POLICY,,,,2026-08-29T04:56:28Z,Primary draft only. Novelty remains unresolved; independent search challenge and scientific verification are pending.
02-feasibility/solution-viability-case.md,FEASIBILITY_GATE,true,root-integration-owner,DRAFT,1,9ea6cdf3ea7bc133e69787acf41a8be38768a8f14386be2d65fd55319aaba7c3,01-novelty/novelty-matrix.csv|01-novelty/candidate-portfolio.md,"C001,C002,C003,PA001,PA002,PA003,PA013,PA014",UNRESOLVED,root-integration-owner,,,,PROV-af56651f120a,S4::02_feasibility_solution_viability_case_md,1,solution_viability_case,DOCUMENTED_EXCEPTION,,,,2026-08-29T04:59:54Z,Provisional PILOT FIRST preparation only; no feasibility phase advancement or scientific verification.
02-feasibility/evidence-maturity-ladder.csv,FEASIBILITY_GATE,true,root-integration-owner,DRAFT,1,bffdd7389c9b26bc947ca3b01d4da3b15779841c30e8fa53aded23eccf880ecd,02-feasibility/solution-viability-case.md,"C001,C002,C003,PA001,PA002,PA003,PA013,PA014",UNRESOLVED,root-integration-owner,,,,PROV-fe5fcb662944,S4::02_feasibility_evidence_maturity_ladder_csv,1,evidence_maturity_ladder,DOCUMENTED_EXCEPTION,,,,2026-08-29T04:59:55Z,Provisional PILOT FIRST preparation only; no feasibility phase advancement or scientific verification.
02-feasibility/feasibility-report.md,FEASIBILITY_GATE,true,root-integration-owner,DRAFT,1,548d3f51f8e3eca75e4901ea3be43893bce044ff246bd76fb78b0cf938d7f90a,01-novelty/novelty-matrix.csv|01-novelty/candidate-portfolio.md|02-feasibility/solution-viability-case.md|02-feasibility/evidence-maturity-ladder.csv,"C001,C002,C003,PA001,PA002,PA003,PA013,PA014",UNRESOLVED,root-integration-owner,,,,PROV-ced0e5cbaa6a,S4::02_feasibility_feasibility_report_md,1,feasibility_report,FEASIBILITY_REQUIRED,,,,2026-08-29T04:59:55Z,Provisional PILOT FIRST preparation only; no feasibility phase advancement or scientific verification.
02-feasibility/risk-register.csv,FEASIBILITY_GATE,true,root-integration-owner,DRAFT,1,b357d66fe740429405b2db40de45bb786e0486f4fb8e6849a3ceb8e230d65bb1,02-feasibility/feasibility-report.md,"C001,C002,C003,PA001,PA002,PA003,PA013,PA014",UNRESOLVED,root-integration-owner,,,,PROV-13947b5dbe20,S4::02_feasibility_risk_register_csv,1,risk_register,FEASIBILITY_REQUIRED,,,,2026-08-29T04:59:55Z,Provisional PILOT FIRST preparation only; no feasibility phase advancement or scientific verification.
02-feasibility/progression-criteria.csv,FEASIBILITY_GATE,true,root-integration-owner,DRAFT,1,10fb81f9a67a765ccf4a952fc2390f7df72a8e1c2d1db1612c06137962766b74,02-feasibility/feasibility-report.md|02-feasibility/risk-register.csv,"C001,C002,C003,PA001,PA002,PA003,PA013,PA014",UNRESOLVED,root-integration-owner,,,,PROV-b0fd7647e498,S4::02_feasibility_progression_criteria_csv,1,progression_criteria,FEASIBILITY_REQUIRED,,,,2026-08-29T04:59:55Z,Provisional PILOT FIRST preparation only; no feasibility phase advancement or scientific verification.
02-feasibility/pilot-plan.md,FEASIBILITY_GATE,false,root-integration-owner,DRAFT,1,4caa264684f06cd614990d3505dc5e983a34e477f9b00267e23bf07ca8ae1cb7,02-feasibility/feasibility-report.md|02-feasibility/progression-criteria.csv,"C001,C002,C003,PA001,PA002,PA003,PA013,PA014",UNRESOLVED,root-integration-owner,,,,PROV-80574b485b12,S4::02_feasibility_pilot_plan_md,1,pilot_artifact,PILOT_REQUIRED_ONLY_AFTER_PILOT_FIRST,,,,2026-08-29T04:59:55Z,Provisional PILOT FIRST preparation only; no feasibility phase advancement or scientific verification.
02-feasibility/pilot-results.md,FEASIBILITY_GATE,false,root-integration-owner,DRAFT,1,fae780b928783adec199f485ebecdbfd9ea6599d3996f9233fb8e4f8475f5cf6,02-feasibility/pilot-plan.md,"EV-ALR-BASE-001,EV-ALR-MUT-001,EV-ALR-PARITY-001,EV-ALR-REPLAY-001",UNRESOLVED,alr-mpp-development-pilot,,,,PROV-cfb5ded85b9d,S4::02_feasibility_pilot_results_md,1,pilot_artifact,PILOT_REQUIRED_ONLY_AFTER_PILOT_FIRST,,,,2026-08-29T05:11:43Z,Development-only artifact; independent scientific verification and phase authorization remain pending.
03-design/protocol.md,STUDY_DESIGN,true,root-integration-owner,DRAFT,1,753c330aef2f22e6848583f40ef4a458775d52d01c2978833665c21299246ccf,02-feasibility/feasibility-report.md|02-feasibility/progression-criteria.csv,"EV-ALR-BASE-001,EV-ALR-MUT-001,EV-ALR-PARITY-001,EV-ALR-REPLAY-001",UNRESOLVED,alr-mpp-development-pilot,,,,PROV-ac6d5dd33632,S4::03_design_protocol_md,1,study_protocol,DESIGN_REQUIRED,,,,2026-08-29T05:11:44Z,Development-only artifact; independent scientific verification and phase authorization remain pending.
03-design/analysis-plan.md,STUDY_DESIGN,true,root-integration-owner,DRAFT,1,614a149685504e2a6b7c75fc512763c2bcb22d529177bed06913a065a4ea1303,03-design/protocol.md,"EV-ALR-BASE-001,EV-ALR-MUT-001,EV-ALR-PARITY-001,EV-ALR-REPLAY-001",UNRESOLVED,alr-mpp-development-pilot,,,,PROV-13fc71045b58,S4::03_design_analysis_plan_md,1,analysis_plan,DESIGN_REQUIRED,,,,2026-08-29T05:11:44Z,Development-only artifact; independent scientific verification and phase authorization remain pending.
03-design/power-or-precision.md,STUDY_DESIGN,true,root-integration-owner,DRAFT,1,709fa64f00ff090b5e9629d80185b1173d13ad6448d6ab3a2df4f36d5a39a1b8,03-design/protocol.md|03-design/analysis-plan.md,"EV-ALR-BASE-001,EV-ALR-MUT-001,EV-ALR-PARITY-001,EV-ALR-REPLAY-001",UNRESOLVED,alr-mpp-development-pilot,,,,PROV-ccca8adbd664,S4::03_design_power_or_precision_md,1,power_precision,DESIGN_REQUIRED,,,,2026-08-29T05:11:44Z,Development-only artifact; independent scientific verification and phase authorization remain pending.
03-design/preregistration-and-deviations.md,STUDY_DESIGN,true,root-integration-owner,DRAFT,1,fd1adb3e1574625069c4f40923cc1ce2c4a37e8716e7f6463ccf404960fec552,03-design/protocol.md|03-design/analysis-plan.md,"EV-ALR-BASE-001,EV-ALR-MUT-001,EV-ALR-PARITY-001,EV-ALR-REPLAY-001",UNRESOLVED,alr-mpp-development-pilot,,,,PROV-f8e6c08973b0,S4::03_design_preregistration_and_deviations_md,1,preregistration_deviations,DESIGN_REQUIRED,,,,2026-08-29T05:11:44Z,Development-only artifact; independent scientific verification and phase authorization remain pending.
04-data/provenance-manifest.csv,AUTHORIZED_EXECUTION,true,root-integration-owner,DRAFT,2,0a2b81aafc0c5d797e837ceceeb6eea0915f91012fa1395ff58a7adb443f0b47,03-design/protocol.md|03-design/preregistration-and-deviations.md,"EV-ALR-BASE-001,EV-ALR-MUT-001,EV-ALR-PARITY-001,EV-ALR-REPLAY-001",UNRESOLVED,alr-mpp-development-pilot,,,,PROV-f67c5aec62eb,S4::04_data_provenance_manifest_csv,1,provenance_manifest,AUTHORIZATION_REQUIRED,,,,2026-08-30T03:38:25Z,Added frozen external-reproduction candidate harness provenance. Local producer PASS is not external or independent scientific verification.
04-data/evidence-status.csv,AUTHORIZED_EXECUTION,true,root-integration-owner,DRAFT,2,4930e7faa30be57e3588b87c2ee6c92cf94f63aab3e877e0e6483a2fee6326f4,04-data/provenance-manifest.csv|03-design/protocol.md,DEV-ALR-20260829,UNRESOLVED,root-integration-owner,,,,PROV-2c58cad0e786,S4::04_data_evidence_status_csv,1,evidence_status,DOCUMENTED_EXCEPTION,,,,2026-08-29T05:23:02Z,Development artifact; semantic validation and provenance recorded. Independent scientific and accountable-human verification remain pending.
05-analysis/results/exploratory-findings.csv,ANALYSIS,true,root-integration-owner,DRAFT,1,d83e80b5ab5a8eb8d6f805b874147c07a4beaef6c7ca15f79c8d834b4b72e2a3,04-data/provenance-manifest.csv,"EV-ALR-BASE-001,EV-ALR-MUT-001,EV-ALR-PARITY-001,EV-ALR-REPLAY-001",UNRESOLVED,alr-mpp-development-pilot,,,,PROV-87802df7e64f,S4::05_analysis_results_exploratory_findings_csv,1,exploratory_findings,ANALYSIS_REQUIRED,,,,2026-08-29T05:11:44Z,Development-only artifact; independent scientific verification and phase authorization remain pending.
05-analysis/results/primary-results.csv,ANALYSIS,true,root-integration-owner,DRAFT,1,0052070625346859d59ff21b39aab4981a3e11fdb767be1aed4d22ec38e26bf2,04-data/provenance-manifest.csv|04-data/evidence-status.csv|03-design/analysis-plan.md,"EV-ALR-BASE-001,EV-ALR-MUT-001,EV-ALR-PARITY-001,EV-ALR-REPLAY-001",UNRESOLVED,alr-mpp-development-pilot,,,,PROV-d4b2bdd27f4b,S4::05_analysis_results_primary_results_csv,1,primary_results,PRIMARY_RESULTS_REQUIRED,,,,2026-08-29T05:11:44Z,Development-only artifact; independent scientific verification and phase authorization remain pending.
05-analysis/results/robustness-and-boundaries.csv,ANALYSIS,true,root-integration-owner,DRAFT,1,efec3a27ac9e6ed7651172cdcdc3d241b5ed70deb864e54acecb8109a5a2796c,05-analysis/results/primary-results.csv,"EV-ALR-BASE-001,EV-ALR-MUT-001,EV-ALR-PARITY-001,EV-ALR-REPLAY-001",UNRESOLVED,alr-mpp-development-pilot,,,,PROV-fc4551c23e31,S4::05_analysis_results_robustness_and_boundaries_csv,1,robustness_boundaries,ANALYSIS_REQUIRED,,,,2026-08-29T05:11:44Z,Development-only artifact; independent scientific verification and phase authorization remain pending.
05-analysis/results/negative-findings.csv,ANALYSIS,true,root-integration-owner,DRAFT,1,b8dc6d9bd56fe94807f12fe329d8eda109828ba2891f86c6d543910611fc1b52,05-analysis/results/primary-results.csv,"EV-ALR-BASE-001,EV-ALR-MUT-001,EV-ALR-PARITY-001,EV-ALR-REPLAY-001",UNRESOLVED,alr-mpp-development-pilot,,,,PROV-1714cad693f3,S4::05_analysis_results_negative_findings_csv,1,negative_findings,ANALYSIS_REQUIRED,,,,2026-08-29T05:11:44Z,Development-only artifact; independent scientific verification and phase authorization remain pending.
05-analysis/external-validation/protocol.md,ANALYSIS,true,UNASSIGNED,MISSING,0,,03-design/protocol.md|05-analysis/results/primary-results.csv,,UNRESOLVED,,,,,,S4::05_analysis_external_validation_protocol_md,1,external_validation,EXTERNAL_VALIDATION_SCOPE,,,,,
05-analysis/external-validation/results.csv,ANALYSIS,true,UNASSIGNED,MISSING,0,,05-analysis/external-validation/protocol.md|04-data/provenance-manifest.csv,,UNRESOLVED,,,,,,S4::05_analysis_external_validation_results_csv,1,external_validation,EXTERNAL_VALIDATION_SCOPE,,,,,
05-analysis/external-validation/real-world-validation-report.md,ANALYSIS,true,UNASSIGNED,MISSING,0,,05-analysis/external-validation/results.csv|05-analysis/results/robustness-and-boundaries.csv,,UNRESOLVED,,,,,,S4::05_analysis_external_validation_real_world_validation_report_md,1,external_validation,EXTERNAL_VALIDATION_SCOPE,,,,,
05-analysis/external-validation/challenge.md,ANALYSIS,true,UNASSIGNED,MISSING,0,,05-analysis/external-validation/real-world-validation-report.md,,UNRESOLVED,,,,,,S4::05_analysis_external_validation_challenge_md,1,external_validation_challenge,EXTERNAL_VALIDATION_SCOPE,,,,,
05-analysis/reproducibility-report.md,ANALYSIS,true,root-integration-owner,DRAFT,1,b5fc605f72f809ae1b40def66f742e1cbba776a349198354fdbd6f2a17d7199e,03-design/analysis-plan.md|04-data/provenance-manifest.csv|05-analysis/results/exploratory-findings.csv|05-analysis/results/primary-results.csv|05-analysis/external-validation/challenge.md,"EV-ALR-BASE-001,EV-ALR-MUT-001,EV-ALR-PARITY-001,EV-ALR-REPLAY-001",UNRESOLVED,alr-mpp-development-pilot,,,,PROV-d26d42a00139,S4::05_analysis_reproducibility_report_md,1,reproducibility_report,ANALYSIS_REQUIRED,,,,2026-08-29T05:11:44Z,Development-only artifact; independent scientific verification and phase authorization remain pending.
06-visuals/tables/t2-proposed-vs-baselines.csv,ANALYSIS,true,root-integration-owner,DRAFT,1,a6278ae03deeb19f998ea86760023a6caafb63bae8b0a42d8857f78f62d32738,01-novelty/novelty-matrix.csv|05-analysis/results/primary-results.csv,DEV-ALR-20260829,UNRESOLVED,root-integration-owner,,,,PROV-3fa4eb8a6848,S4::06_visuals_tables_t2_proposed_vs_baselines_csv,1,comparison_table,ANALYSIS_REQUIRED,,,,2026-08-29T05:23:02Z,Development artifact; semantic validation and provenance recorded. Independent scientific and accountable-human verification remain pending.
06-visuals/tables/t3-data-or-conditions.csv,ANALYSIS,true,root-integration-owner,DRAFT,1,7e94227a2a8602feb31c74ecd0f18a098eb3b2c7cfb42c7ef0a434e6c754f733,04-data/provenance-manifest.csv,DEV-ALR-20260829,UNRESOLVED,root-integration-owner,,,,PROV-0e0a66712468,S4::06_visuals_tables_t3_data_or_conditions_csv,1,data_conditions_table,ANALYSIS_REQUIRED,,,,2026-08-29T05:23:03Z,Development artifact; semantic validation and provenance recorded. Independent scientific and accountable-human verification remain pending.
06-visuals/tables/t5-ablation-or-mechanism.csv,ANALYSIS,false,root-integration-owner,DRAFT,1,523b7346fb336a955e375c1155906ebe776b63403f28d25e542ff6e22319e48d,05-analysis/results/primary-results.csv,DEV-ALR-20260829,UNRESOLVED,root-integration-owner,,,,PROV-60a61a83b0a9,S4::06_visuals_tables_t5_ablation_or_mechanism_csv,1,ablation_table,DOCUMENTED_EXCEPTION,,,,2026-08-29T05:23:03Z,Development artifact; semantic validation and provenance recorded. Independent scientific and accountable-human verification remain pending.
06-visuals/tables/t7-real-world-feasibility.csv,ANALYSIS,true,root-integration-owner,DRAFT,1,b48e39ae146274152d892044316b6203ef2e389e4ba5fb862649dff3b2ff59e4,02-feasibility/feasibility-report.md|05-analysis/results/primary-results.csv|05-analysis/external-validation/real-world-validation-report.md,DEV-ALR-20260829,UNRESOLVED,root-integration-owner,,,,PROV-15adc23534bf,S4::06_visuals_tables_t7_real_world_feasibility_csv,1,real_world_feasibility_table,ANALYSIS_REQUIRED,,,,2026-08-29T05:23:03Z,Development artifact; semantic validation and provenance recorded. Independent scientific and accountable-human verification remain pending.
06-visuals/visual-ledger.csv,MANUSCRIPT,true,root-integration-owner,DRAFT,1,82f94fbff267b3ba4f69c1d35c4409e73f92d68c3b570d0ecddd0d1f95ceef0a,05-analysis/results/primary-results.csv,DEV-ALR-20260829,UNRESOLVED,root-integration-owner,,,,PROV-d6a3b25da674,S4::06_visuals_visual_ledger_csv,1,visual_ledger,MANUSCRIPT_REQUIRED,,,,2026-08-29T05:23:03Z,Development artifact; semantic validation and provenance recorded. Independent scientific and accountable-human verification remain pending.
06-visuals/figures/figure-manifest.csv,MANUSCRIPT,true,root-integration-owner,DRAFT,3,eba15c8619e4fc82ff6180e9ba62f3ffb346f8a279fa9555e647683408aa751a,05-analysis/results/primary-results.csv|06-visuals/visual-ledger.csv,DEV-ALR-20260830,UNRESOLVED,root-integration-owner,,,,PROV-b451468b2b14,S4::06_visuals_figures_figure_manifest_csv,1,figure_manifest,MANUSCRIPT_REQUIRED,,,,2026-08-30T03:38:25Z,Manifest synchronized to the final local draft PDF hash; accountable-human rendered-page verification remains pending.
06-visuals/diagrams/architecture.mmd,MANUSCRIPT,true,root-integration-owner,DRAFT,1,95254b7c04ae2c001d44226b82df69a3923273bf05ebbc3fe64f4595c814f407,01-novelty/causal-model.mmd|03-design/protocol.md,DEV-ALR-20260829,UNRESOLVED,root-integration-owner,,,,PROV-9227d0bb2582,S4::06_visuals_diagrams_architecture_mmd,1,architecture_diagram,MANUSCRIPT_REQUIRED,,,,2026-08-29T05:23:03Z,Development artifact; semantic validation and provenance recorded. Independent scientific and accountable-human verification remain pending.
06-visuals/diagrams/workflow.mmd,MANUSCRIPT,true,root-integration-owner,DRAFT,1,b528e88b6454a51da070f688cf75609131d5ce72d7453a105c3322697a270c3d,03-design/protocol.md|04-data/provenance-manifest.csv,DEV-ALR-20260829,UNRESOLVED,root-integration-owner,,,,PROV-66b98fdf7f69,S4::06_visuals_diagrams_workflow_mmd,1,workflow_diagram,MANUSCRIPT_REQUIRED,,,,2026-08-29T05:23:03Z,Development artifact; semantic validation and provenance recorded. Independent scientific and accountable-human verification remain pending.
06-visuals/schematics/conceptual-schematic-source.md,MANUSCRIPT,false,UNASSIGNED,MISSING,0,,01-novelty/causal-model.mmd,,UNRESOLVED,,,,,,S4::06_visuals_schematics_conceptual_schematic_source_md,1,conceptual_schematic,DOCUMENTED_EXCEPTION,,,,,
06-visuals/images/image-provenance.csv,MANUSCRIPT,false,UNASSIGNED,MISSING,0,,06-visuals/visual-ledger.csv,,UNRESOLVED,,,,,,S4::06_visuals_images_image_provenance_csv,1,image_provenance,NO_IMAGES_NO_PROVENANCE,,,,,
07-manuscript/manuscript.md,MANUSCRIPT,true,root-integration-owner,DRAFT,4,74af4435533049a60823fac91efbf717c12c1d0b08a250636822be7bd2ef10ff,01-novelty/novelty-matrix.csv|03-design/protocol.md|05-analysis/results/primary-results.csv,DEV-ALR-20260830,UNRESOLVED,root-integration-owner,,,,PROV-a8c0a6cad47f,S4::07_manuscript_manuscript_md,1,manuscript,MANUSCRIPT_REQUIRED,,,,2026-08-30T04:58:40Z,Producer manuscript revised to disclose digest-pinned hermetic Python and offline Foundry parity replay; independent scientific review and accountable-human approval remain open.
07-manuscript/claim-evidence-matrix.csv,MANUSCRIPT,true,root-integration-owner,DRAFT,1,3bbb3a6257cf60349e53693af58a26ced836bf9b5e71bb25b8eeb3efc709afec,01-novelty/evidence-ledger.csv|05-analysis/results/primary-results.csv|07-manuscript/manuscript.md,DEV-ALR-20260829,UNRESOLVED,root-integration-owner,,,,PROV-a1ded0bc1e0d,S4::07_manuscript_claim_evidence_matrix_csv,1,claim_evidence_matrix,CLAIM_LINK_REQUIRED,,,,2026-08-29T05:23:03Z,Development artifact; semantic validation and provenance recorded. Independent scientific and accountable-human verification remain pending.
07-manuscript/source-manifest.json,MANUSCRIPT,true,root-integration-owner,DRAFT,1,8aab86b28fad86e9b3fe550ecd3f1a6c682a0244381aa2dc271ff98938df755e,01-novelty/evidence-ledger.csv|07-manuscript/manuscript.md,DEV-ALR-20260829,UNRESOLVED,root-integration-owner,,,,PROV-34d9e87c876c,S4::07_manuscript_source_manifest_json,1,source_manifest,MANUSCRIPT_REQUIRED,,,,2026-08-29T05:23:03Z,Development artifact; semantic validation and provenance recorded. Independent scientific and accountable-human verification remain pending.
08-validation/reviews/editor.md,ADVERSARIAL_QA,true,root-integration-owner,DRAFT,1,2fa75819da741db673fc06cb6a55963e1dc186d6c787d33336053f9a6c45ff76,07-manuscript/manuscript.md|07-manuscript/claim-evidence-matrix.csv,DEV-ALR-20260830,UNRESOLVED,root-integration-owner,,,,PROV-49405f37bb94,S4::08_validation_reviews_editor_md,1,editor_review,ADVERSARIAL_QA_REQUIRED,,,,2026-08-30T03:33:30Z,Producer-owned developmental artifact. Semantic validation and provenance recorded; independent scientific and accountable-human verification remain pending.
08-validation/reviews/novelty-domain.md,ADVERSARIAL_QA,true,root-integration-owner,DRAFT,1,a295dfa7bdffd5427427a6560a39963fea7f470fa35eb79f7ad8f28d1f8c249d,01-novelty/novelty-matrix.csv|07-manuscript/manuscript.md,DEV-ALR-20260830,UNRESOLVED,root-integration-owner,,,,PROV-3f27d7e88fc9,S4::08_validation_reviews_novelty_domain_md,1,novelty_domain_review,ADVERSARIAL_QA_REQUIRED,,,,2026-08-30T03:33:30Z,Producer-owned developmental artifact. Semantic validation and provenance recorded; independent scientific and accountable-human verification remain pending.
08-validation/reviews/methods-statistics.md,ADVERSARIAL_QA,true,root-integration-owner,DRAFT,1,a3e42b93b0977e47b38c421a82358dc5d90ac61058d9f32eb28cf0864e533558,03-design/protocol.md|03-design/analysis-plan.md|05-analysis/results/primary-results.csv|07-manuscript/manuscript.md,DEV-ALR-20260830,UNRESOLVED,root-integration-owner,,,,PROV-58c14175420f,S4::08_validation_reviews_methods_statistics_md,1,methods_statistics_review,ADVERSARIAL_QA_REQUIRED,,,,2026-08-30T03:33:30Z,Producer-owned developmental artifact. Semantic validation and provenance recorded; independent scientific and accountable-human verification remain pending.
08-validation/reviews/real-world-ethics.md,ADVERSARIAL_QA,true,root-integration-owner,DRAFT,1,11d77385eb0a2f5566979b9ccc5b86dfbf162f70912f104444b1aef5df1207c9,02-feasibility/feasibility-report.md|06-visuals/tables/t7-real-world-feasibility.csv|07-manuscript/manuscript.md,DEV-ALR-20260830,UNRESOLVED,root-integration-owner,,,,PROV-1f4e43512b16,S4::08_validation_reviews_real_world_ethics_md,1,real_world_ethics_review,ADVERSARIAL_QA_REQUIRED,,,,2026-08-30T03:33:30Z,Producer-owned developmental artifact. Semantic validation and provenance recorded; independent scientific and accountable-human verification remain pending.
08-validation/reviews/visual-reproducibility.md,ADVERSARIAL_QA,true,root-integration-owner,DRAFT,1,7a78687739fa5d4f16fe0979cbdcffbc2371e3bbb5a322cf399d470138a65098,04-data/provenance-manifest.csv|06-visuals/visual-ledger.csv|07-manuscript/manuscript.md,DEV-ALR-20260830,UNRESOLVED,root-integration-owner,,,,PROV-ba65dd1d5d8a,S4::08_validation_reviews_visual_reproducibility_md,1,visual_reproducibility_review,ADVERSARIAL_QA_REQUIRED,,,,2026-08-30T03:33:30Z,Producer-owned developmental artifact. Semantic validation and provenance recorded; independent scientific and accountable-human verification remain pending.
08-validation/reviews/clarity-coherence.md,ADVERSARIAL_QA,true,root-integration-owner,DRAFT,1,cbbedf04de499f07cfd14615f6314759cfeb0da5c73462cc40e3fcadcf49d6c4,07-manuscript/manuscript.md|06-visuals/visual-ledger.csv,DEV-ALR-20260830,UNRESOLVED,root-integration-owner,,,,PROV-dc4437beecae,S4::08_validation_reviews_clarity_coherence_md,1,clarity_coherence_review,ADVERSARIAL_QA_REQUIRED,,,,2026-08-30T03:33:30Z,Producer-owned developmental artifact. Semantic validation and provenance recorded; independent scientific and accountable-human verification remain pending.
08-validation/postdoctoral-standards-audit.md,ADVERSARIAL_QA,true,root-integration-owner,DRAFT,1,7542c3f9a8d5e6397988bce19c9ff0d17a4b68565bcfcd23557e4678c198fa2a,07-manuscript/manuscript.md|07-manuscript/claim-evidence-matrix.csv|06-visuals/visual-ledger.csv|08-validation/reviews/editor.md|08-validation/reviews/methods-statistics.md,DEV-ALR-20260830,UNRESOLVED,root-integration-owner,,,,PROV-d32f4d3e8a39,S4::08_validation_postdoctoral_standards_audit_md,1,postdoctoral_audit,AUDIT_REQUIRED,,,,2026-08-30T03:33:30Z,Producer-owned developmental artifact. Semantic validation and provenance recorded; independent scientific and accountable-human verification remain pending.
08-validation/killer-question-ledger.csv,ADVERSARIAL_QA,true,root-integration-owner,DRAFT,1,47f348cf3e5ea03d801f158f5eae97e44fd0611c51c9b58f54e69d97a5d45f14,08-validation/reviews/editor.md|08-validation/reviews/novelty-domain.md|08-validation/reviews/methods-statistics.md|08-validation/reviews/real-world-ethics.md|08-validation/reviews/visual-reproducibility.md|08-validation/reviews/clarity-coherence.md|08-validation/postdoctoral-standards-audit.md,DEV-ALR-20260830,UNRESOLVED,root-integration-owner,,,,PROV-2c5ec48c6ef1,S4::08_validation_killer_question_ledger_csv,1,killer_question_ledger,KILLER_QUESTIONS_REQUIRED,,,,2026-08-30T03:33:30Z,Producer-owned developmental artifact. Semantic validation and provenance recorded; independent scientific and accountable-human verification remain pending.
08-validation/remediation-log.csv,ADVERSARIAL_QA,true,root-integration-owner,DRAFT,1,9c9d4ab02a4c1d60df555d0e5af498435b3039e097dfab7bc57c44bcfdb862f3,08-validation/killer-question-ledger.csv,DEV-ALR-20260830,UNRESOLVED,root-integration-owner,,,,PROV-a1f40cb2104b,S4::08_validation_remediation_log_csv,1,remediation_log,ADVERSARIAL_QA_REQUIRED,,,,2026-08-30T03:33:30Z,Producer-owned developmental artifact. Semantic validation and provenance recorded; independent scientific and accountable-human verification remain pending.
09-submission/venue-portfolio.csv,SUBMISSION_QA,true,root-integration-owner,DRAFT,1,4c4c038fb12aa5185f085eacf4bf25a5a4538322013479eacfb9a53e9b5047ca,07-manuscript/manuscript.md|08-validation/killer-question-ledger.csv,DEV-ALR-20260830,UNRESOLVED,root-integration-owner,,,,PROV-f1a368b368b0,S4::09_submission_venue_portfolio_csv,1,venue_portfolio,VENUE_PORTFOLIO_REQUIRED,,,,2026-08-30T03:33:30Z,Producer-owned developmental artifact. Semantic validation and provenance recorded; independent scientific and accountable-human verification remain pending.
09-submission/venue-rules.md,SUBMISSION_QA,true,root-integration-owner,DRAFT,2,ba0f6b205b8c60f628c13e65e9f8b7d5bad7ee965f0201b51918b1ae34eb2c8b,07-manuscript/manuscript.md|09-submission/venue-portfolio.csv,DEV-ALR-20260830,UNRESOLVED,root-integration-owner,,,,PROV-ff916ff78d07,S4::09_submission_venue_rules_md,1,venue_rules,SUBMISSION_REQUIRED,,,,2026-08-30T03:57:30Z,Producer-owned venue adaptation update; accountable-author approval and independent verification remain pending.
09-submission/reporting-checklist.md,SUBMISSION_QA,true,root-integration-owner,DRAFT,4,94132f7d8001c69705baac99a3da2153ad47b8d054a62901f3c4bf7623e0ec7a,09-submission/venue-rules.md|07-manuscript/manuscript.md,DEV-ALR-20260830,UNRESOLVED,root-integration-owner,,,,PROV-6d2e349d1459,S4::09_submission_reporting_checklist_md,1,reporting_checklist,SUBMISSION_REQUIRED,,,,2026-08-30T04:58:40Z,Checklist updated for producer-side hermetic Foundry parity and exact runtime provenance; external review and accountable-human checks remain required.
09-submission/submission-audit.md,SUBMISSION_QA,true,root-integration-owner,DRAFT,5,b99d63bc7ca977441c2ee4d5bb7df807f7781eb74676ebdc88087a2825b63c89,09-submission/venue-rules.md|09-submission/reporting-checklist.md|08-validation/remediation-log.csv,DEV-ALR-20260830,UNRESOLVED,root-integration-owner,,,,PROV-0ec7ba1bf769,S4::09_submission_submission_audit_md,1,submission_audit,SUBMISSION_REQUIRED,,,,2026-08-30T04:58:40Z,Producer audit records eight-command hermetic replay including exact solc and two Foundry tests while retaining independent novelty reproduction and human gates as open.
09-submission/submission-gate-ledger.csv,SUBMISSION_QA,true,root-integration-owner,DRAFT,5,87d446ad3b78c373b6faa4fbae63256bc774e88d5ce847a0afaec5adc5e60339,09-submission/submission-audit.md|09-submission/venue-rules.md|09-submission/reporting-checklist.md,DEV-ALR-20260830,UNRESOLVED,root-integration-owner,,,,PROV-fc8cd7357812,S4::09_submission_submission_gate_ledger_csv,1,submission_gate_ledger,SUBMISSION_REQUIRED,,,,2026-08-30T04:58:40Z,Fail-closed ledger records passing producer hermetic Python and Foundry paths without treating them as independent verification.
09-submission/novelty-refresh.md,SUBMISSION_QA,true,root-integration-owner,DRAFT,1,bdf85112002668e67f69f8b8ac54d6cc221f968faefab6923b6d0b47b611fe23,01-novelty/search-protocol.md|01-novelty/search-coverage.csv|01-novelty/novelty-matrix.csv|07-manuscript/manuscript.md,DEV-ALR-20260830,UNRESOLVED,root-integration-owner,,,,PROV-b112250b6009,S4::09_submission_novelty_refresh_md,1,novelty_refresh,SUBMISSION_REQUIRED,,,,2026-08-30T03:33:31Z,Producer-owned developmental artifact. Semantic validation and provenance recorded; independent scientific and accountable-human verification remain pending.
09-submission/acceptance-readiness.md,SUBMISSION_QA,true,root-integration-owner,DRAFT,1,c5a31bb929effd2906d477312a434a22414d3ac6977cf15380795fdecb684723,09-submission/venue-portfolio.csv|09-submission/venue-rules.md|09-submission/submission-audit.md|09-submission/submission-gate-ledger.csv|09-submission/novelty-refresh.md|08-validation/postdoctoral-standards-audit.md,DEV-ALR-20260830,UNRESOLVED,root-integration-owner,,,,PROV-6c182abe5afb,S4::09_submission_acceptance_readiness_md,1,acceptance_readiness,READINESS_REQUIRED,,,,2026-08-30T03:33:31Z,Producer-owned developmental artifact. Semantic validation and provenance recorded; independent scientific and accountable-human verification remain pending.
09-submission/acceptance-forecast.csv,SUBMISSION_QA,false,UNASSIGNED,MISSING,0,,09-submission/venue-portfolio.csv|09-submission/acceptance-readiness.md,,UNRESOLVED,,,,,,S4::09_submission_acceptance_forecast_csv,1,acceptance_forecast,FORECAST_ONLY_WHEN_ESTIMABLE,,,,,
09-submission/build-manifest.json,SUBMISSION_QA,false,root-integration-owner,DRAFT,2,8b7c8195587b1f2df08184ced05d7823d48068fea2758a269b2b8af12db7ac59,07-manuscript/source-manifest.json|09-submission/venue-rules.md,DEV-ALR-20260830,UNRESOLVED,root-integration-owner,,,,PROV-6e35a99d4a38,S4::09_submission_build_manifest_json,1,submission_build_manifest,BUILD_REQUIRED_FOR_REPRODUCIBLE_SUBMISSION,,,,2026-08-30T04:58:40Z,Canonical producer build manifest regenerated in exact amd64 runtime with eight successful commands; no scientific phase promotion.
09-submission/environment-capture.json,SUBMISSION_QA,false,root-integration-owner,DRAFT,2,7b380fb73b7e817d00f1b3e0f0141bf10ed015c7f59d10a82b9f29badf740506,09-submission/build-manifest.json,DEV-ALR-20260830,UNRESOLVED,root-integration-owner,,,,PROV-e97b41646907,S4::09_submission_environment_capture_json,1,environment_capture,ENVIRONMENT_REQUIRED_FOR_REPRODUCIBLE_SUBMISSION,,,,2026-08-30T04:58:40Z,Environment capture regenerated for exact digest-pinned amd64 TeX Foundry solc runtime; derived image remains local-only.
09-submission/analysis-replay-report.md,SUBMISSION_QA,false,root-integration-owner,DRAFT,2,0f619199838d19275ceb80acf4bdfe1ce774bef73f820f59337329c8ae3016de,05-analysis/reproducibility-report.md|09-submission/build-manifest.json,DEV-ALR-20260830,UNRESOLVED,root-integration-owner,,,,PROV-e26532fc873d,S4::09_submission_analysis_replay_report_md,1,analysis_replay_report,REPLAY_REQUIRED_FOR_REPRODUCIBLE_SUBMISSION,,,,2026-08-30T04:58:40Z,Producer replay report records Python hashes exact Solidity compilation and two passing offline Foundry tests; independence remains false.
09-submission/pdf-qa.json,SUBMISSION_QA,false,root-integration-owner,DRAFT,2,cdac7143be183d1897a68f7ff2b2460dc5c9e98b61063caa3666069c7564adb1,09-submission/build-manifest.json|09-submission/submission-audit.md,DEV-ALR-20260830,UNRESOLVED,root-integration-owner,,,,PROV-603bcca2445a,S4::09_submission_pdf_qa_json,1,pdf_qa,PDF_QA_REQUIRED_WHEN_PDF_SUBMITTED,,,,2026-08-30T04:58:40Z,Mechanical PDF QA regenerated for current seven-page hermetic PDF; accountable-human rendered-page approval remains required.
09-submission/package-manifest.json,SUBMISSION_QA,false,root-integration-owner,DRAFT,2,6fbb69e31d3c6b8faa2574d58187e528d60b5635b0c969b0f90baceeadbae2d3,09-submission/build-manifest.json|09-submission/pdf-qa.json,DEV-ALR-20260830,UNRESOLVED,root-integration-owner,,,,PROV-0cbdfb0e055a,S4::09_submission_package_manifest_json,1,package_manifest,PACKAGE_MANIFEST_REQUIRED,,,,2026-08-30T04:58:40Z,Canonical package manifest regenerated after exact Foundry-solc runtime integration; external package verification and release authority remain absent.
09-submission/human-approval.md,HUMAN_APPROVAL,true,UNASSIGNED,MISSING,0,,09-submission/submission-audit.md|09-submission/acceptance-readiness.md,,UNRESOLVED,,,,,,S4::09_submission_human_approval_md,1,human_approval,HUMAN_AUTHORITY_REQUIRED,,,,,
