case_id,execution,semantic,authority,provenance,freshness,origin_scope,expected_eligible,observed_eligible,expected_reason,observed_reason,match
BASE-000,PASS,PASS,PASS,PASS,PASS,PASS,true,true,ELIGIBLE,ELIGIBLE,true
BASE-001,PASS,PASS,PASS,PASS,PASS,FAIL,false,false,ORIGIN_SCOPE_FAIL,ORIGIN_SCOPE_FAIL,true
BASE-002,PASS,PASS,PASS,PASS,PASS,UNKNOWN,false,false,ORIGIN_SCOPE_UNKNOWN,ORIGIN_SCOPE_UNKNOWN,true
BASE-003,PASS,PASS,PASS,PASS,FAIL,PASS,false,false,FRESHNESS_FAIL,FRESHNESS_FAIL,true
BASE-004,PASS,PASS,PASS,PASS,FAIL,FAIL,false,false,FRESHNESS_FAIL,FRESHNESS_FAIL,true
BASE-005,PASS,PASS,PASS,PASS,FAIL,UNKNOWN,false,false,FRESHNESS_FAIL,FRESHNESS_FAIL,true
BASE-006,PASS,PASS,PASS,PASS,UNKNOWN,PASS,false,false,FRESHNESS_UNKNOWN,FRESHNESS_UNKNOWN,true
BASE-007,PASS,PASS,PASS,PASS,UNKNOWN,FAIL,false,false,FRESHNESS_UNKNOWN,FRESHNESS_UNKNOWN,true
BASE-008,PASS,PASS,PASS,PASS,UNKNOWN,UNKNOWN,false,false,FRESHNESS_UNKNOWN,FRESHNESS_UNKNOWN,true
BASE-009,PASS,PASS,PASS,FAIL,PASS,PASS,false,false,PROVENANCE_FAIL,PROVENANCE_FAIL,true
BASE-010,PASS,PASS,PASS,FAIL,PASS,FAIL,false,false,PROVENANCE_FAIL,PROVENANCE_FAIL,true
BASE-011,PASS,PASS,PASS,FAIL,PASS,UNKNOWN,false,false,PROVENANCE_FAIL,PROVENANCE_FAIL,true
BASE-012,PASS,PASS,PASS,FAIL,FAIL,PASS,false,false,PROVENANCE_FAIL,PROVENANCE_FAIL,true
BASE-013,PASS,PASS,PASS,FAIL,FAIL,FAIL,false,false,PROVENANCE_FAIL,PROVENANCE_FAIL,true
BASE-014,PASS,PASS,PASS,FAIL,FAIL,UNKNOWN,false,false,PROVENANCE_FAIL,PROVENANCE_FAIL,true
BASE-015,PASS,PASS,PASS,FAIL,UNKNOWN,PASS,false,false,PROVENANCE_FAIL,PROVENANCE_FAIL,true
BASE-016,PASS,PASS,PASS,FAIL,UNKNOWN,FAIL,false,false,PROVENANCE_FAIL,PROVENANCE_FAIL,true
BASE-017,PASS,PASS,PASS,FAIL,UNKNOWN,UNKNOWN,false,false,PROVENANCE_FAIL,PROVENANCE_FAIL,true
BASE-018,PASS,PASS,PASS,UNKNOWN,PASS,PASS,false,false,PROVENANCE_UNKNOWN,PROVENANCE_UNKNOWN,true
BASE-019,PASS,PASS,PASS,UNKNOWN,PASS,FAIL,false,false,PROVENANCE_UNKNOWN,PROVENANCE_UNKNOWN,true
BASE-020,PASS,PASS,PASS,UNKNOWN,PASS,UNKNOWN,false,false,PROVENANCE_UNKNOWN,PROVENANCE_UNKNOWN,true
BASE-021,PASS,PASS,PASS,UNKNOWN,FAIL,PASS,false,false,PROVENANCE_UNKNOWN,PROVENANCE_UNKNOWN,true
BASE-022,PASS,PASS,PASS,UNKNOWN,FAIL,FAIL,false,false,PROVENANCE_UNKNOWN,PROVENANCE_UNKNOWN,true
BASE-023,PASS,PASS,PASS,UNKNOWN,FAIL,UNKNOWN,false,false,PROVENANCE_UNKNOWN,PROVENANCE_UNKNOWN,true
BASE-024,PASS,PASS,PASS,UNKNOWN,UNKNOWN,PASS,false,false,PROVENANCE_UNKNOWN,PROVENANCE_UNKNOWN,true
BASE-025,PASS,PASS,PASS,UNKNOWN,UNKNOWN,FAIL,false,false,PROVENANCE_UNKNOWN,PROVENANCE_UNKNOWN,true
BASE-026,PASS,PASS,PASS,UNKNOWN,UNKNOWN,UNKNOWN,false,false,PROVENANCE_UNKNOWN,PROVENANCE_UNKNOWN,true
BASE-027,PASS,PASS,FAIL,PASS,PASS,PASS,false,false,AUTHORITY_FAIL,AUTHORITY_FAIL,true
BASE-028,PASS,PASS,FAIL,PASS,PASS,FAIL,false,false,AUTHORITY_FAIL,AUTHORITY_FAIL,true
BASE-029,PASS,PASS,FAIL,PASS,PASS,UNKNOWN,false,false,AUTHORITY_FAIL,AUTHORITY_FAIL,true
BASE-030,PASS,PASS,FAIL,PASS,FAIL,PASS,false,false,AUTHORITY_FAIL,AUTHORITY_FAIL,true
BASE-031,PASS,PASS,FAIL,PASS,FAIL,FAIL,false,false,AUTHORITY_FAIL,AUTHORITY_FAIL,true
BASE-032,PASS,PASS,FAIL,PASS,FAIL,UNKNOWN,false,false,AUTHORITY_FAIL,AUTHORITY_FAIL,true
BASE-033,PASS,PASS,FAIL,PASS,UNKNOWN,PASS,false,false,AUTHORITY_FAIL,AUTHORITY_FAIL,true
BASE-034,PASS,PASS,FAIL,PASS,UNKNOWN,FAIL,false,false,AUTHORITY_FAIL,AUTHORITY_FAIL,true
BASE-035,PASS,PASS,FAIL,PASS,UNKNOWN,UNKNOWN,false,false,AUTHORITY_FAIL,AUTHORITY_FAIL,true
BASE-036,PASS,PASS,FAIL,FAIL,PASS,PASS,false,false,AUTHORITY_FAIL,AUTHORITY_FAIL,true
BASE-037,PASS,PASS,FAIL,FAIL,PASS,FAIL,false,false,AUTHORITY_FAIL,AUTHORITY_FAIL,true
BASE-038,PASS,PASS,FAIL,FAIL,PASS,UNKNOWN,false,false,AUTHORITY_FAIL,AUTHORITY_FAIL,true
BASE-039,PASS,PASS,FAIL,FAIL,FAIL,PASS,false,false,AUTHORITY_FAIL,AUTHORITY_FAIL,true
BASE-040,PASS,PASS,FAIL,FAIL,FAIL,FAIL,false,false,AUTHORITY_FAIL,AUTHORITY_FAIL,true
BASE-041,PASS,PASS,FAIL,FAIL,FAIL,UNKNOWN,false,false,AUTHORITY_FAIL,AUTHORITY_FAIL,true
BASE-042,PASS,PASS,FAIL,FAIL,UNKNOWN,PASS,false,false,AUTHORITY_FAIL,AUTHORITY_FAIL,true
BASE-043,PASS,PASS,FAIL,FAIL,UNKNOWN,FAIL,false,false,AUTHORITY_FAIL,AUTHORITY_FAIL,true
BASE-044,PASS,PASS,FAIL,FAIL,UNKNOWN,UNKNOWN,false,false,AUTHORITY_FAIL,AUTHORITY_FAIL,true
BASE-045,PASS,PASS,FAIL,UNKNOWN,PASS,PASS,false,false,AUTHORITY_FAIL,AUTHORITY_FAIL,true
BASE-046,PASS,PASS,FAIL,UNKNOWN,PASS,FAIL,false,false,AUTHORITY_FAIL,AUTHORITY_FAIL,true
BASE-047,PASS,PASS,FAIL,UNKNOWN,PASS,UNKNOWN,false,false,AUTHORITY_FAIL,AUTHORITY_FAIL,true
BASE-048,PASS,PASS,FAIL,UNKNOWN,FAIL,PASS,false,false,AUTHORITY_FAIL,AUTHORITY_FAIL,true
BASE-049,PASS,PASS,FAIL,UNKNOWN,FAIL,FAIL,false,false,AUTHORITY_FAIL,AUTHORITY_FAIL,true
BASE-050,PASS,PASS,FAIL,UNKNOWN,FAIL,UNKNOWN,false,false,AUTHORITY_FAIL,AUTHORITY_FAIL,true
BASE-051,PASS,PASS,FAIL,UNKNOWN,UNKNOWN,PASS,false,false,AUTHORITY_FAIL,AUTHORITY_FAIL,true
BASE-052,PASS,PASS,FAIL,UNKNOWN,UNKNOWN,FAIL,false,false,AUTHORITY_FAIL,AUTHORITY_FAIL,true
BASE-053,PASS,PASS,FAIL,UNKNOWN,UNKNOWN,UNKNOWN,false,false,AUTHORITY_FAIL,AUTHORITY_FAIL,true
BASE-054,PASS,PASS,UNKNOWN,PASS,PASS,PASS,false,false,AUTHORITY_UNKNOWN,AUTHORITY_UNKNOWN,true
BASE-055,PASS,PASS,UNKNOWN,PASS,PASS,FAIL,false,false,AUTHORITY_UNKNOWN,AUTHORITY_UNKNOWN,true
BASE-056,PASS,PASS,UNKNOWN,PASS,PASS,UNKNOWN,false,false,AUTHORITY_UNKNOWN,AUTHORITY_UNKNOWN,true
BASE-057,PASS,PASS,UNKNOWN,PASS,FAIL,PASS,false,false,AUTHORITY_UNKNOWN,AUTHORITY_UNKNOWN,true
BASE-058,PASS,PASS,UNKNOWN,PASS,FAIL,FAIL,false,false,AUTHORITY_UNKNOWN,AUTHORITY_UNKNOWN,true
BASE-059,PASS,PASS,UNKNOWN,PASS,FAIL,UNKNOWN,false,false,AUTHORITY_UNKNOWN,AUTHORITY_UNKNOWN,true
BASE-060,PASS,PASS,UNKNOWN,PASS,UNKNOWN,PASS,false,false,AUTHORITY_UNKNOWN,AUTHORITY_UNKNOWN,true
BASE-061,PASS,PASS,UNKNOWN,PASS,UNKNOWN,FAIL,false,false,AUTHORITY_UNKNOWN,AUTHORITY_UNKNOWN,true
BASE-062,PASS,PASS,UNKNOWN,PASS,UNKNOWN,UNKNOWN,false,false,AUTHORITY_UNKNOWN,AUTHORITY_UNKNOWN,true
BASE-063,PASS,PASS,UNKNOWN,FAIL,PASS,PASS,false,false,AUTHORITY_UNKNOWN,AUTHORITY_UNKNOWN,true
BASE-064,PASS,PASS,UNKNOWN,FAIL,PASS,FAIL,false,false,AUTHORITY_UNKNOWN,AUTHORITY_UNKNOWN,true
BASE-065,PASS,PASS,UNKNOWN,FAIL,PASS,UNKNOWN,false,false,AUTHORITY_UNKNOWN,AUTHORITY_UNKNOWN,true
BASE-066,PASS,PASS,UNKNOWN,FAIL,FAIL,PASS,false,false,AUTHORITY_UNKNOWN,AUTHORITY_UNKNOWN,true
BASE-067,PASS,PASS,UNKNOWN,FAIL,FAIL,FAIL,false,false,AUTHORITY_UNKNOWN,AUTHORITY_UNKNOWN,true
BASE-068,PASS,PASS,UNKNOWN,FAIL,FAIL,UNKNOWN,false,false,AUTHORITY_UNKNOWN,AUTHORITY_UNKNOWN,true
BASE-069,PASS,PASS,UNKNOWN,FAIL,UNKNOWN,PASS,false,false,AUTHORITY_UNKNOWN,AUTHORITY_UNKNOWN,true
BASE-070,PASS,PASS,UNKNOWN,FAIL,UNKNOWN,FAIL,false,false,AUTHORITY_UNKNOWN,AUTHORITY_UNKNOWN,true
BASE-071,PASS,PASS,UNKNOWN,FAIL,UNKNOWN,UNKNOWN,false,false,AUTHORITY_UNKNOWN,AUTHORITY_UNKNOWN,true
BASE-072,PASS,PASS,UNKNOWN,UNKNOWN,PASS,PASS,false,false,AUTHORITY_UNKNOWN,AUTHORITY_UNKNOWN,true
BASE-073,PASS,PASS,UNKNOWN,UNKNOWN,PASS,FAIL,false,false,AUTHORITY_UNKNOWN,AUTHORITY_UNKNOWN,true
BASE-074,PASS,PASS,UNKNOWN,UNKNOWN,PASS,UNKNOWN,false,false,AUTHORITY_UNKNOWN,AUTHORITY_UNKNOWN,true
BASE-075,PASS,PASS,UNKNOWN,UNKNOWN,FAIL,PASS,false,false,AUTHORITY_UNKNOWN,AUTHORITY_UNKNOWN,true
BASE-076,PASS,PASS,UNKNOWN,UNKNOWN,FAIL,FAIL,false,false,AUTHORITY_UNKNOWN,AUTHORITY_UNKNOWN,true
BASE-077,PASS,PASS,UNKNOWN,UNKNOWN,FAIL,UNKNOWN,false,false,AUTHORITY_UNKNOWN,AUTHORITY_UNKNOWN,true
BASE-078,PASS,PASS,UNKNOWN,UNKNOWN,UNKNOWN,PASS,false,false,AUTHORITY_UNKNOWN,AUTHORITY_UNKNOWN,true
BASE-079,PASS,PASS,UNKNOWN,UNKNOWN,UNKNOWN,FAIL,false,false,AUTHORITY_UNKNOWN,AUTHORITY_UNKNOWN,true
BASE-080,PASS,PASS,UNKNOWN,UNKNOWN,UNKNOWN,UNKNOWN,false,false,AUTHORITY_UNKNOWN,AUTHORITY_UNKNOWN,true
BASE-081,PASS,FAIL,PASS,PASS,PASS,PASS,false,false,SEMANTIC_FAIL,SEMANTIC_FAIL,true
BASE-082,PASS,FAIL,PASS,PASS,PASS,FAIL,false,false,SEMANTIC_FAIL,SEMANTIC_FAIL,true
BASE-083,PASS,FAIL,PASS,PASS,PASS,UNKNOWN,false,false,SEMANTIC_FAIL,SEMANTIC_FAIL,true
BASE-084,PASS,FAIL,PASS,PASS,FAIL,PASS,false,false,SEMANTIC_FAIL,SEMANTIC_FAIL,true
BASE-085,PASS,FAIL,PASS,PASS,FAIL,FAIL,false,false,SEMANTIC_FAIL,SEMANTIC_FAIL,true
BASE-086,PASS,FAIL,PASS,PASS,FAIL,UNKNOWN,false,false,SEMANTIC_FAIL,SEMANTIC_FAIL,true
BASE-087,PASS,FAIL,PASS,PASS,UNKNOWN,PASS,false,false,SEMANTIC_FAIL,SEMANTIC_FAIL,true
BASE-088,PASS,FAIL,PASS,PASS,UNKNOWN,FAIL,false,false,SEMANTIC_FAIL,SEMANTIC_FAIL,true
BASE-089,PASS,FAIL,PASS,PASS,UNKNOWN,UNKNOWN,false,false,SEMANTIC_FAIL,SEMANTIC_FAIL,true
BASE-090,PASS,FAIL,PASS,FAIL,PASS,PASS,false,false,SEMANTIC_FAIL,SEMANTIC_FAIL,true
BASE-091,PASS,FAIL,PASS,FAIL,PASS,FAIL,false,false,SEMANTIC_FAIL,SEMANTIC_FAIL,true
BASE-092,PASS,FAIL,PASS,FAIL,PASS,UNKNOWN,false,false,SEMANTIC_FAIL,SEMANTIC_FAIL,true
BASE-093,PASS,FAIL,PASS,FAIL,FAIL,PASS,false,false,SEMANTIC_FAIL,SEMANTIC_FAIL,true
BASE-094,PASS,FAIL,PASS,FAIL,FAIL,FAIL,false,false,SEMANTIC_FAIL,SEMANTIC_FAIL,true
BASE-095,PASS,FAIL,PASS,FAIL,FAIL,UNKNOWN,false,false,SEMANTIC_FAIL,SEMANTIC_FAIL,true
BASE-096,PASS,FAIL,PASS,FAIL,UNKNOWN,PASS,false,false,SEMANTIC_FAIL,SEMANTIC_FAIL,true
BASE-097,PASS,FAIL,PASS,FAIL,UNKNOWN,FAIL,false,false,SEMANTIC_FAIL,SEMANTIC_FAIL,true
BASE-098,PASS,FAIL,PASS,FAIL,UNKNOWN,UNKNOWN,false,false,SEMANTIC_FAIL,SEMANTIC_FAIL,true
BASE-099,PASS,FAIL,PASS,UNKNOWN,PASS,PASS,false,false,SEMANTIC_FAIL,SEMANTIC_FAIL,true
BASE-100,PASS,FAIL,PASS,UNKNOWN,PASS,FAIL,false,false,SEMANTIC_FAIL,SEMANTIC_FAIL,true
BASE-101,PASS,FAIL,PASS,UNKNOWN,PASS,UNKNOWN,false,false,SEMANTIC_FAIL,SEMANTIC_FAIL,true
BASE-102,PASS,FAIL,PASS,UNKNOWN,FAIL,PASS,false,false,SEMANTIC_FAIL,SEMANTIC_FAIL,true
BASE-103,PASS,FAIL,PASS,UNKNOWN,FAIL,FAIL,false,false,SEMANTIC_FAIL,SEMANTIC_FAIL,true
BASE-104,PASS,FAIL,PASS,UNKNOWN,FAIL,UNKNOWN,false,false,SEMANTIC_FAIL,SEMANTIC_FAIL,true
BASE-105,PASS,FAIL,PASS,UNKNOWN,UNKNOWN,PASS,false,false,SEMANTIC_FAIL,SEMANTIC_FAIL,true
BASE-106,PASS,FAIL,PASS,UNKNOWN,UNKNOWN,FAIL,false,false,SEMANTIC_FAIL,SEMANTIC_FAIL,true
BASE-107,PASS,FAIL,PASS,UNKNOWN,UNKNOWN,UNKNOWN,false,false,SEMANTIC_FAIL,SEMANTIC_FAIL,true
BASE-108,PASS,FAIL,FAIL,PASS,PASS,PASS,false,false,SEMANTIC_FAIL,SEMANTIC_FAIL,true
BASE-109,PASS,FAIL,FAIL,PASS,PASS,FAIL,false,false,SEMANTIC_FAIL,SEMANTIC_FAIL,true
BASE-110,PASS,FAIL,FAIL,PASS,PASS,UNKNOWN,false,false,SEMANTIC_FAIL,SEMANTIC_FAIL,true
BASE-111,PASS,FAIL,FAIL,PASS,FAIL,PASS,false,false,SEMANTIC_FAIL,SEMANTIC_FAIL,true
BASE-112,PASS,FAIL,FAIL,PASS,FAIL,FAIL,false,false,SEMANTIC_FAIL,SEMANTIC_FAIL,true
BASE-113,PASS,FAIL,FAIL,PASS,FAIL,UNKNOWN,false,false,SEMANTIC_FAIL,SEMANTIC_FAIL,true
BASE-114,PASS,FAIL,FAIL,PASS,UNKNOWN,PASS,false,false,SEMANTIC_FAIL,SEMANTIC_FAIL,true
BASE-115,PASS,FAIL,FAIL,PASS,UNKNOWN,FAIL,false,false,SEMANTIC_FAIL,SEMANTIC_FAIL,true
BASE-116,PASS,FAIL,FAIL,PASS,UNKNOWN,UNKNOWN,false,false,SEMANTIC_FAIL,SEMANTIC_FAIL,true
BASE-117,PASS,FAIL,FAIL,FAIL,PASS,PASS,false,false,SEMANTIC_FAIL,SEMANTIC_FAIL,true
BASE-118,PASS,FAIL,FAIL,FAIL,PASS,FAIL,false,false,SEMANTIC_FAIL,SEMANTIC_FAIL,true
BASE-119,PASS,FAIL,FAIL,FAIL,PASS,UNKNOWN,false,false,SEMANTIC_FAIL,SEMANTIC_FAIL,true
BASE-120,PASS,FAIL,FAIL,FAIL,FAIL,PASS,false,false,SEMANTIC_FAIL,SEMANTIC_FAIL,true
BASE-121,PASS,FAIL,FAIL,FAIL,FAIL,FAIL,false,false,SEMANTIC_FAIL,SEMANTIC_FAIL,true
BASE-122,PASS,FAIL,FAIL,FAIL,FAIL,UNKNOWN,false,false,SEMANTIC_FAIL,SEMANTIC_FAIL,true
BASE-123,PASS,FAIL,FAIL,FAIL,UNKNOWN,PASS,false,false,SEMANTIC_FAIL,SEMANTIC_FAIL,true
BASE-124,PASS,FAIL,FAIL,FAIL,UNKNOWN,FAIL,false,false,SEMANTIC_FAIL,SEMANTIC_FAIL,true
BASE-125,PASS,FAIL,FAIL,FAIL,UNKNOWN,UNKNOWN,false,false,SEMANTIC_FAIL,SEMANTIC_FAIL,true
BASE-126,PASS,FAIL,FAIL,UNKNOWN,PASS,PASS,false,false,SEMANTIC_FAIL,SEMANTIC_FAIL,true
BASE-127,PASS,FAIL,FAIL,UNKNOWN,PASS,FAIL,false,false,SEMANTIC_FAIL,SEMANTIC_FAIL,true
BASE-128,PASS,FAIL,FAIL,UNKNOWN,PASS,UNKNOWN,false,false,SEMANTIC_FAIL,SEMANTIC_FAIL,true
BASE-129,PASS,FAIL,FAIL,UNKNOWN,FAIL,PASS,false,false,SEMANTIC_FAIL,SEMANTIC_FAIL,true
BASE-130,PASS,FAIL,FAIL,UNKNOWN,FAIL,FAIL,false,false,SEMANTIC_FAIL,SEMANTIC_FAIL,true
BASE-131,PASS,FAIL,FAIL,UNKNOWN,FAIL,UNKNOWN,false,false,SEMANTIC_FAIL,SEMANTIC_FAIL,true
BASE-132,PASS,FAIL,FAIL,UNKNOWN,UNKNOWN,PASS,false,false,SEMANTIC_FAIL,SEMANTIC_FAIL,true
BASE-133,PASS,FAIL,FAIL,UNKNOWN,UNKNOWN,FAIL,false,false,SEMANTIC_FAIL,SEMANTIC_FAIL,true
BASE-134,PASS,FAIL,FAIL,UNKNOWN,UNKNOWN,UNKNOWN,false,false,SEMANTIC_FAIL,SEMANTIC_FAIL,true
BASE-135,PASS,FAIL,UNKNOWN,PASS,PASS,PASS,false,false,SEMANTIC_FAIL,SEMANTIC_FAIL,true
BASE-136,PASS,FAIL,UNKNOWN,PASS,PASS,FAIL,false,false,SEMANTIC_FAIL,SEMANTIC_FAIL,true
BASE-137,PASS,FAIL,UNKNOWN,PASS,PASS,UNKNOWN,false,false,SEMANTIC_FAIL,SEMANTIC_FAIL,true
BASE-138,PASS,FAIL,UNKNOWN,PASS,FAIL,PASS,false,false,SEMANTIC_FAIL,SEMANTIC_FAIL,true
BASE-139,PASS,FAIL,UNKNOWN,PASS,FAIL,FAIL,false,false,SEMANTIC_FAIL,SEMANTIC_FAIL,true
BASE-140,PASS,FAIL,UNKNOWN,PASS,FAIL,UNKNOWN,false,false,SEMANTIC_FAIL,SEMANTIC_FAIL,true
BASE-141,PASS,FAIL,UNKNOWN,PASS,UNKNOWN,PASS,false,false,SEMANTIC_FAIL,SEMANTIC_FAIL,true
BASE-142,PASS,FAIL,UNKNOWN,PASS,UNKNOWN,FAIL,false,false,SEMANTIC_FAIL,SEMANTIC_FAIL,true
BASE-143,PASS,FAIL,UNKNOWN,PASS,UNKNOWN,UNKNOWN,false,false,SEMANTIC_FAIL,SEMANTIC_FAIL,true
BASE-144,PASS,FAIL,UNKNOWN,FAIL,PASS,PASS,false,false,SEMANTIC_FAIL,SEMANTIC_FAIL,true
BASE-145,PASS,FAIL,UNKNOWN,FAIL,PASS,FAIL,false,false,SEMANTIC_FAIL,SEMANTIC_FAIL,true
BASE-146,PASS,FAIL,UNKNOWN,FAIL,PASS,UNKNOWN,false,false,SEMANTIC_FAIL,SEMANTIC_FAIL,true
BASE-147,PASS,FAIL,UNKNOWN,FAIL,FAIL,PASS,false,false,SEMANTIC_FAIL,SEMANTIC_FAIL,true
BASE-148,PASS,FAIL,UNKNOWN,FAIL,FAIL,FAIL,false,false,SEMANTIC_FAIL,SEMANTIC_FAIL,true
BASE-149,PASS,FAIL,UNKNOWN,FAIL,FAIL,UNKNOWN,false,false,SEMANTIC_FAIL,SEMANTIC_FAIL,true
BASE-150,PASS,FAIL,UNKNOWN,FAIL,UNKNOWN,PASS,false,false,SEMANTIC_FAIL,SEMANTIC_FAIL,true
BASE-151,PASS,FAIL,UNKNOWN,FAIL,UNKNOWN,FAIL,false,false,SEMANTIC_FAIL,SEMANTIC_FAIL,true
BASE-152,PASS,FAIL,UNKNOWN,FAIL,UNKNOWN,UNKNOWN,false,false,SEMANTIC_FAIL,SEMANTIC_FAIL,true
BASE-153,PASS,FAIL,UNKNOWN,UNKNOWN,PASS,PASS,false,false,SEMANTIC_FAIL,SEMANTIC_FAIL,true
BASE-154,PASS,FAIL,UNKNOWN,UNKNOWN,PASS,FAIL,false,false,SEMANTIC_FAIL,SEMANTIC_FAIL,true
BASE-155,PASS,FAIL,UNKNOWN,UNKNOWN,PASS,UNKNOWN,false,false,SEMANTIC_FAIL,SEMANTIC_FAIL,true
BASE-156,PASS,FAIL,UNKNOWN,UNKNOWN,FAIL,PASS,false,false,SEMANTIC_FAIL,SEMANTIC_FAIL,true
BASE-157,PASS,FAIL,UNKNOWN,UNKNOWN,FAIL,FAIL,false,false,SEMANTIC_FAIL,SEMANTIC_FAIL,true
BASE-158,PASS,FAIL,UNKNOWN,UNKNOWN,FAIL,UNKNOWN,false,false,SEMANTIC_FAIL,SEMANTIC_FAIL,true
BASE-159,PASS,FAIL,UNKNOWN,UNKNOWN,UNKNOWN,PASS,false,false,SEMANTIC_FAIL,SEMANTIC_FAIL,true
BASE-160,PASS,FAIL,UNKNOWN,UNKNOWN,UNKNOWN,FAIL,false,false,SEMANTIC_FAIL,SEMANTIC_FAIL,true
BASE-161,PASS,FAIL,UNKNOWN,UNKNOWN,UNKNOWN,UNKNOWN,false,false,SEMANTIC_FAIL,SEMANTIC_FAIL,true
BASE-162,PASS,UNKNOWN,PASS,PASS,PASS,PASS,false,false,SEMANTIC_UNKNOWN,SEMANTIC_UNKNOWN,true
BASE-163,PASS,UNKNOWN,PASS,PASS,PASS,FAIL,false,false,SEMANTIC_UNKNOWN,SEMANTIC_UNKNOWN,true
BASE-164,PASS,UNKNOWN,PASS,PASS,PASS,UNKNOWN,false,false,SEMANTIC_UNKNOWN,SEMANTIC_UNKNOWN,true
BASE-165,PASS,UNKNOWN,PASS,PASS,FAIL,PASS,false,false,SEMANTIC_UNKNOWN,SEMANTIC_UNKNOWN,true
BASE-166,PASS,UNKNOWN,PASS,PASS,FAIL,FAIL,false,false,SEMANTIC_UNKNOWN,SEMANTIC_UNKNOWN,true
BASE-167,PASS,UNKNOWN,PASS,PASS,FAIL,UNKNOWN,false,false,SEMANTIC_UNKNOWN,SEMANTIC_UNKNOWN,true
BASE-168,PASS,UNKNOWN,PASS,PASS,UNKNOWN,PASS,false,false,SEMANTIC_UNKNOWN,SEMANTIC_UNKNOWN,true
BASE-169,PASS,UNKNOWN,PASS,PASS,UNKNOWN,FAIL,false,false,SEMANTIC_UNKNOWN,SEMANTIC_UNKNOWN,true
BASE-170,PASS,UNKNOWN,PASS,PASS,UNKNOWN,UNKNOWN,false,false,SEMANTIC_UNKNOWN,SEMANTIC_UNKNOWN,true
BASE-171,PASS,UNKNOWN,PASS,FAIL,PASS,PASS,false,false,SEMANTIC_UNKNOWN,SEMANTIC_UNKNOWN,true
BASE-172,PASS,UNKNOWN,PASS,FAIL,PASS,FAIL,false,false,SEMANTIC_UNKNOWN,SEMANTIC_UNKNOWN,true
BASE-173,PASS,UNKNOWN,PASS,FAIL,PASS,UNKNOWN,false,false,SEMANTIC_UNKNOWN,SEMANTIC_UNKNOWN,true
BASE-174,PASS,UNKNOWN,PASS,FAIL,FAIL,PASS,false,false,SEMANTIC_UNKNOWN,SEMANTIC_UNKNOWN,true
BASE-175,PASS,UNKNOWN,PASS,FAIL,FAIL,FAIL,false,false,SEMANTIC_UNKNOWN,SEMANTIC_UNKNOWN,true
BASE-176,PASS,UNKNOWN,PASS,FAIL,FAIL,UNKNOWN,false,false,SEMANTIC_UNKNOWN,SEMANTIC_UNKNOWN,true
BASE-177,PASS,UNKNOWN,PASS,FAIL,UNKNOWN,PASS,false,false,SEMANTIC_UNKNOWN,SEMANTIC_UNKNOWN,true
BASE-178,PASS,UNKNOWN,PASS,FAIL,UNKNOWN,FAIL,false,false,SEMANTIC_UNKNOWN,SEMANTIC_UNKNOWN,true
BASE-179,PASS,UNKNOWN,PASS,FAIL,UNKNOWN,UNKNOWN,false,false,SEMANTIC_UNKNOWN,SEMANTIC_UNKNOWN,true
BASE-180,PASS,UNKNOWN,PASS,UNKNOWN,PASS,PASS,false,false,SEMANTIC_UNKNOWN,SEMANTIC_UNKNOWN,true
BASE-181,PASS,UNKNOWN,PASS,UNKNOWN,PASS,FAIL,false,false,SEMANTIC_UNKNOWN,SEMANTIC_UNKNOWN,true
BASE-182,PASS,UNKNOWN,PASS,UNKNOWN,PASS,UNKNOWN,false,false,SEMANTIC_UNKNOWN,SEMANTIC_UNKNOWN,true
BASE-183,PASS,UNKNOWN,PASS,UNKNOWN,FAIL,PASS,false,false,SEMANTIC_UNKNOWN,SEMANTIC_UNKNOWN,true
BASE-184,PASS,UNKNOWN,PASS,UNKNOWN,FAIL,FAIL,false,false,SEMANTIC_UNKNOWN,SEMANTIC_UNKNOWN,true
BASE-185,PASS,UNKNOWN,PASS,UNKNOWN,FAIL,UNKNOWN,false,false,SEMANTIC_UNKNOWN,SEMANTIC_UNKNOWN,true
BASE-186,PASS,UNKNOWN,PASS,UNKNOWN,UNKNOWN,PASS,false,false,SEMANTIC_UNKNOWN,SEMANTIC_UNKNOWN,true
BASE-187,PASS,UNKNOWN,PASS,UNKNOWN,UNKNOWN,FAIL,false,false,SEMANTIC_UNKNOWN,SEMANTIC_UNKNOWN,true
BASE-188,PASS,UNKNOWN,PASS,UNKNOWN,UNKNOWN,UNKNOWN,false,false,SEMANTIC_UNKNOWN,SEMANTIC_UNKNOWN,true
BASE-189,PASS,UNKNOWN,FAIL,PASS,PASS,PASS,false,false,SEMANTIC_UNKNOWN,SEMANTIC_UNKNOWN,true
BASE-190,PASS,UNKNOWN,FAIL,PASS,PASS,FAIL,false,false,SEMANTIC_UNKNOWN,SEMANTIC_UNKNOWN,true
BASE-191,PASS,UNKNOWN,FAIL,PASS,PASS,UNKNOWN,false,false,SEMANTIC_UNKNOWN,SEMANTIC_UNKNOWN,true
BASE-192,PASS,UNKNOWN,FAIL,PASS,FAIL,PASS,false,false,SEMANTIC_UNKNOWN,SEMANTIC_UNKNOWN,true
BASE-193,PASS,UNKNOWN,FAIL,PASS,FAIL,FAIL,false,false,SEMANTIC_UNKNOWN,SEMANTIC_UNKNOWN,true
BASE-194,PASS,UNKNOWN,FAIL,PASS,FAIL,UNKNOWN,false,false,SEMANTIC_UNKNOWN,SEMANTIC_UNKNOWN,true
BASE-195,PASS,UNKNOWN,FAIL,PASS,UNKNOWN,PASS,false,false,SEMANTIC_UNKNOWN,SEMANTIC_UNKNOWN,true
BASE-196,PASS,UNKNOWN,FAIL,PASS,UNKNOWN,FAIL,false,false,SEMANTIC_UNKNOWN,SEMANTIC_UNKNOWN,true
BASE-197,PASS,UNKNOWN,FAIL,PASS,UNKNOWN,UNKNOWN,false,false,SEMANTIC_UNKNOWN,SEMANTIC_UNKNOWN,true
BASE-198,PASS,UNKNOWN,FAIL,FAIL,PASS,PASS,false,false,SEMANTIC_UNKNOWN,SEMANTIC_UNKNOWN,true
BASE-199,PASS,UNKNOWN,FAIL,FAIL,PASS,FAIL,false,false,SEMANTIC_UNKNOWN,SEMANTIC_UNKNOWN,true
BASE-200,PASS,UNKNOWN,FAIL,FAIL,PASS,UNKNOWN,false,false,SEMANTIC_UNKNOWN,SEMANTIC_UNKNOWN,true
BASE-201,PASS,UNKNOWN,FAIL,FAIL,FAIL,PASS,false,false,SEMANTIC_UNKNOWN,SEMANTIC_UNKNOWN,true
BASE-202,PASS,UNKNOWN,FAIL,FAIL,FAIL,FAIL,false,false,SEMANTIC_UNKNOWN,SEMANTIC_UNKNOWN,true
BASE-203,PASS,UNKNOWN,FAIL,FAIL,FAIL,UNKNOWN,false,false,SEMANTIC_UNKNOWN,SEMANTIC_UNKNOWN,true
BASE-204,PASS,UNKNOWN,FAIL,FAIL,UNKNOWN,PASS,false,false,SEMANTIC_UNKNOWN,SEMANTIC_UNKNOWN,true
BASE-205,PASS,UNKNOWN,FAIL,FAIL,UNKNOWN,FAIL,false,false,SEMANTIC_UNKNOWN,SEMANTIC_UNKNOWN,true
BASE-206,PASS,UNKNOWN,FAIL,FAIL,UNKNOWN,UNKNOWN,false,false,SEMANTIC_UNKNOWN,SEMANTIC_UNKNOWN,true
BASE-207,PASS,UNKNOWN,FAIL,UNKNOWN,PASS,PASS,false,false,SEMANTIC_UNKNOWN,SEMANTIC_UNKNOWN,true
BASE-208,PASS,UNKNOWN,FAIL,UNKNOWN,PASS,FAIL,false,false,SEMANTIC_UNKNOWN,SEMANTIC_UNKNOWN,true
BASE-209,PASS,UNKNOWN,FAIL,UNKNOWN,PASS,UNKNOWN,false,false,SEMANTIC_UNKNOWN,SEMANTIC_UNKNOWN,true
BASE-210,PASS,UNKNOWN,FAIL,UNKNOWN,FAIL,PASS,false,false,SEMANTIC_UNKNOWN,SEMANTIC_UNKNOWN,true
BASE-211,PASS,UNKNOWN,FAIL,UNKNOWN,FAIL,FAIL,false,false,SEMANTIC_UNKNOWN,SEMANTIC_UNKNOWN,true
BASE-212,PASS,UNKNOWN,FAIL,UNKNOWN,FAIL,UNKNOWN,false,false,SEMANTIC_UNKNOWN,SEMANTIC_UNKNOWN,true
BASE-213,PASS,UNKNOWN,FAIL,UNKNOWN,UNKNOWN,PASS,false,false,SEMANTIC_UNKNOWN,SEMANTIC_UNKNOWN,true
BASE-214,PASS,UNKNOWN,FAIL,UNKNOWN,UNKNOWN,FAIL,false,false,SEMANTIC_UNKNOWN,SEMANTIC_UNKNOWN,true
BASE-215,PASS,UNKNOWN,FAIL,UNKNOWN,UNKNOWN,UNKNOWN,false,false,SEMANTIC_UNKNOWN,SEMANTIC_UNKNOWN,true
BASE-216,PASS,UNKNOWN,UNKNOWN,PASS,PASS,PASS,false,false,SEMANTIC_UNKNOWN,SEMANTIC_UNKNOWN,true
BASE-217,PASS,UNKNOWN,UNKNOWN,PASS,PASS,FAIL,false,false,SEMANTIC_UNKNOWN,SEMANTIC_UNKNOWN,true
BASE-218,PASS,UNKNOWN,UNKNOWN,PASS,PASS,UNKNOWN,false,false,SEMANTIC_UNKNOWN,SEMANTIC_UNKNOWN,true
BASE-219,PASS,UNKNOWN,UNKNOWN,PASS,FAIL,PASS,false,false,SEMANTIC_UNKNOWN,SEMANTIC_UNKNOWN,true
BASE-220,PASS,UNKNOWN,UNKNOWN,PASS,FAIL,FAIL,false,false,SEMANTIC_UNKNOWN,SEMANTIC_UNKNOWN,true
BASE-221,PASS,UNKNOWN,UNKNOWN,PASS,FAIL,UNKNOWN,false,false,SEMANTIC_UNKNOWN,SEMANTIC_UNKNOWN,true
BASE-222,PASS,UNKNOWN,UNKNOWN,PASS,UNKNOWN,PASS,false,false,SEMANTIC_UNKNOWN,SEMANTIC_UNKNOWN,true
BASE-223,PASS,UNKNOWN,UNKNOWN,PASS,UNKNOWN,FAIL,false,false,SEMANTIC_UNKNOWN,SEMANTIC_UNKNOWN,true
BASE-224,PASS,UNKNOWN,UNKNOWN,PASS,UNKNOWN,UNKNOWN,false,false,SEMANTIC_UNKNOWN,SEMANTIC_UNKNOWN,true
BASE-225,PASS,UNKNOWN,UNKNOWN,FAIL,PASS,PASS,false,false,SEMANTIC_UNKNOWN,SEMANTIC_UNKNOWN,true
BASE-226,PASS,UNKNOWN,UNKNOWN,FAIL,PASS,FAIL,false,false,SEMANTIC_UNKNOWN,SEMANTIC_UNKNOWN,true
BASE-227,PASS,UNKNOWN,UNKNOWN,FAIL,PASS,UNKNOWN,false,false,SEMANTIC_UNKNOWN,SEMANTIC_UNKNOWN,true
BASE-228,PASS,UNKNOWN,UNKNOWN,FAIL,FAIL,PASS,false,false,SEMANTIC_UNKNOWN,SEMANTIC_UNKNOWN,true
BASE-229,PASS,UNKNOWN,UNKNOWN,FAIL,FAIL,FAIL,false,false,SEMANTIC_UNKNOWN,SEMANTIC_UNKNOWN,true
BASE-230,PASS,UNKNOWN,UNKNOWN,FAIL,FAIL,UNKNOWN,false,false,SEMANTIC_UNKNOWN,SEMANTIC_UNKNOWN,true
BASE-231,PASS,UNKNOWN,UNKNOWN,FAIL,UNKNOWN,PASS,false,false,SEMANTIC_UNKNOWN,SEMANTIC_UNKNOWN,true
BASE-232,PASS,UNKNOWN,UNKNOWN,FAIL,UNKNOWN,FAIL,false,false,SEMANTIC_UNKNOWN,SEMANTIC_UNKNOWN,true
BASE-233,PASS,UNKNOWN,UNKNOWN,FAIL,UNKNOWN,UNKNOWN,false,false,SEMANTIC_UNKNOWN,SEMANTIC_UNKNOWN,true
BASE-234,PASS,UNKNOWN,UNKNOWN,UNKNOWN,PASS,PASS,false,false,SEMANTIC_UNKNOWN,SEMANTIC_UNKNOWN,true
BASE-235,PASS,UNKNOWN,UNKNOWN,UNKNOWN,PASS,FAIL,false,false,SEMANTIC_UNKNOWN,SEMANTIC_UNKNOWN,true
BASE-236,PASS,UNKNOWN,UNKNOWN,UNKNOWN,PASS,UNKNOWN,false,false,SEMANTIC_UNKNOWN,SEMANTIC_UNKNOWN,true
BASE-237,PASS,UNKNOWN,UNKNOWN,UNKNOWN,FAIL,PASS,false,false,SEMANTIC_UNKNOWN,SEMANTIC_UNKNOWN,true
BASE-238,PASS,UNKNOWN,UNKNOWN,UNKNOWN,FAIL,FAIL,false,false,SEMANTIC_UNKNOWN,SEMANTIC_UNKNOWN,true
BASE-239,PASS,UNKNOWN,UNKNOWN,UNKNOWN,FAIL,UNKNOWN,false,false,SEMANTIC_UNKNOWN,SEMANTIC_UNKNOWN,true
BASE-240,PASS,UNKNOWN,UNKNOWN,UNKNOWN,UNKNOWN,PASS,false,false,SEMANTIC_UNKNOWN,SEMANTIC_UNKNOWN,true
BASE-241,PASS,UNKNOWN,UNKNOWN,UNKNOWN,UNKNOWN,FAIL,false,false,SEMANTIC_UNKNOWN,SEMANTIC_UNKNOWN,true
BASE-242,PASS,UNKNOWN,UNKNOWN,UNKNOWN,UNKNOWN,UNKNOWN,false,false,SEMANTIC_UNKNOWN,SEMANTIC_UNKNOWN,true
BASE-243,FAIL,PASS,PASS,PASS,PASS,PASS,false,false,EXECUTION_FAIL,EXECUTION_FAIL,true
BASE-244,FAIL,PASS,PASS,PASS,PASS,FAIL,false,false,EXECUTION_FAIL,EXECUTION_FAIL,true
BASE-245,FAIL,PASS,PASS,PASS,PASS,UNKNOWN,false,false,EXECUTION_FAIL,EXECUTION_FAIL,true
BASE-246,FAIL,PASS,PASS,PASS,FAIL,PASS,false,false,EXECUTION_FAIL,EXECUTION_FAIL,true
BASE-247,FAIL,PASS,PASS,PASS,FAIL,FAIL,false,false,EXECUTION_FAIL,EXECUTION_FAIL,true
BASE-248,FAIL,PASS,PASS,PASS,FAIL,UNKNOWN,false,false,EXECUTION_FAIL,EXECUTION_FAIL,true
BASE-249,FAIL,PASS,PASS,PASS,UNKNOWN,PASS,false,false,EXECUTION_FAIL,EXECUTION_FAIL,true
BASE-250,FAIL,PASS,PASS,PASS,UNKNOWN,FAIL,false,false,EXECUTION_FAIL,EXECUTION_FAIL,true
BASE-251,FAIL,PASS,PASS,PASS,UNKNOWN,UNKNOWN,false,false,EXECUTION_FAIL,EXECUTION_FAIL,true
BASE-252,FAIL,PASS,PASS,FAIL,PASS,PASS,false,false,EXECUTION_FAIL,EXECUTION_FAIL,true
BASE-253,FAIL,PASS,PASS,FAIL,PASS,FAIL,false,false,EXECUTION_FAIL,EXECUTION_FAIL,true
BASE-254,FAIL,PASS,PASS,FAIL,PASS,UNKNOWN,false,false,EXECUTION_FAIL,EXECUTION_FAIL,true
BASE-255,FAIL,PASS,PASS,FAIL,FAIL,PASS,false,false,EXECUTION_FAIL,EXECUTION_FAIL,true
BASE-256,FAIL,PASS,PASS,FAIL,FAIL,FAIL,false,false,EXECUTION_FAIL,EXECUTION_FAIL,true
BASE-257,FAIL,PASS,PASS,FAIL,FAIL,UNKNOWN,false,false,EXECUTION_FAIL,EXECUTION_FAIL,true
BASE-258,FAIL,PASS,PASS,FAIL,UNKNOWN,PASS,false,false,EXECUTION_FAIL,EXECUTION_FAIL,true
BASE-259,FAIL,PASS,PASS,FAIL,UNKNOWN,FAIL,false,false,EXECUTION_FAIL,EXECUTION_FAIL,true
BASE-260,FAIL,PASS,PASS,FAIL,UNKNOWN,UNKNOWN,false,false,EXECUTION_FAIL,EXECUTION_FAIL,true
BASE-261,FAIL,PASS,PASS,UNKNOWN,PASS,PASS,false,false,EXECUTION_FAIL,EXECUTION_FAIL,true
BASE-262,FAIL,PASS,PASS,UNKNOWN,PASS,FAIL,false,false,EXECUTION_FAIL,EXECUTION_FAIL,true
BASE-263,FAIL,PASS,PASS,UNKNOWN,PASS,UNKNOWN,false,false,EXECUTION_FAIL,EXECUTION_FAIL,true
BASE-264,FAIL,PASS,PASS,UNKNOWN,FAIL,PASS,false,false,EXECUTION_FAIL,EXECUTION_FAIL,true
BASE-265,FAIL,PASS,PASS,UNKNOWN,FAIL,FAIL,false,false,EXECUTION_FAIL,EXECUTION_FAIL,true
BASE-266,FAIL,PASS,PASS,UNKNOWN,FAIL,UNKNOWN,false,false,EXECUTION_FAIL,EXECUTION_FAIL,true
BASE-267,FAIL,PASS,PASS,UNKNOWN,UNKNOWN,PASS,false,false,EXECUTION_FAIL,EXECUTION_FAIL,true
BASE-268,FAIL,PASS,PASS,UNKNOWN,UNKNOWN,FAIL,false,false,EXECUTION_FAIL,EXECUTION_FAIL,true
BASE-269,FAIL,PASS,PASS,UNKNOWN,UNKNOWN,UNKNOWN,false,false,EXECUTION_FAIL,EXECUTION_FAIL,true
BASE-270,FAIL,PASS,FAIL,PASS,PASS,PASS,false,false,EXECUTION_FAIL,EXECUTION_FAIL,true
BASE-271,FAIL,PASS,FAIL,PASS,PASS,FAIL,false,false,EXECUTION_FAIL,EXECUTION_FAIL,true
BASE-272,FAIL,PASS,FAIL,PASS,PASS,UNKNOWN,false,false,EXECUTION_FAIL,EXECUTION_FAIL,true
BASE-273,FAIL,PASS,FAIL,PASS,FAIL,PASS,false,false,EXECUTION_FAIL,EXECUTION_FAIL,true
BASE-274,FAIL,PASS,FAIL,PASS,FAIL,FAIL,false,false,EXECUTION_FAIL,EXECUTION_FAIL,true
BASE-275,FAIL,PASS,FAIL,PASS,FAIL,UNKNOWN,false,false,EXECUTION_FAIL,EXECUTION_FAIL,true
BASE-276,FAIL,PASS,FAIL,PASS,UNKNOWN,PASS,false,false,EXECUTION_FAIL,EXECUTION_FAIL,true
BASE-277,FAIL,PASS,FAIL,PASS,UNKNOWN,FAIL,false,false,EXECUTION_FAIL,EXECUTION_FAIL,true
BASE-278,FAIL,PASS,FAIL,PASS,UNKNOWN,UNKNOWN,false,false,EXECUTION_FAIL,EXECUTION_FAIL,true
BASE-279,FAIL,PASS,FAIL,FAIL,PASS,PASS,false,false,EXECUTION_FAIL,EXECUTION_FAIL,true
BASE-280,FAIL,PASS,FAIL,FAIL,PASS,FAIL,false,false,EXECUTION_FAIL,EXECUTION_FAIL,true
BASE-281,FAIL,PASS,FAIL,FAIL,PASS,UNKNOWN,false,false,EXECUTION_FAIL,EXECUTION_FAIL,true
BASE-282,FAIL,PASS,FAIL,FAIL,FAIL,PASS,false,false,EXECUTION_FAIL,EXECUTION_FAIL,true
BASE-283,FAIL,PASS,FAIL,FAIL,FAIL,FAIL,false,false,EXECUTION_FAIL,EXECUTION_FAIL,true
BASE-284,FAIL,PASS,FAIL,FAIL,FAIL,UNKNOWN,false,false,EXECUTION_FAIL,EXECUTION_FAIL,true
BASE-285,FAIL,PASS,FAIL,FAIL,UNKNOWN,PASS,false,false,EXECUTION_FAIL,EXECUTION_FAIL,true
BASE-286,FAIL,PASS,FAIL,FAIL,UNKNOWN,FAIL,false,false,EXECUTION_FAIL,EXECUTION_FAIL,true
BASE-287,FAIL,PASS,FAIL,FAIL,UNKNOWN,UNKNOWN,false,false,EXECUTION_FAIL,EXECUTION_FAIL,true
BASE-288,FAIL,PASS,FAIL,UNKNOWN,PASS,PASS,false,false,EXECUTION_FAIL,EXECUTION_FAIL,true
BASE-289,FAIL,PASS,FAIL,UNKNOWN,PASS,FAIL,false,false,EXECUTION_FAIL,EXECUTION_FAIL,true
BASE-290,FAIL,PASS,FAIL,UNKNOWN,PASS,UNKNOWN,false,false,EXECUTION_FAIL,EXECUTION_FAIL,true
BASE-291,FAIL,PASS,FAIL,UNKNOWN,FAIL,PASS,false,false,EXECUTION_FAIL,EXECUTION_FAIL,true
BASE-292,FAIL,PASS,FAIL,UNKNOWN,FAIL,FAIL,false,false,EXECUTION_FAIL,EXECUTION_FAIL,true
BASE-293,FAIL,PASS,FAIL,UNKNOWN,FAIL,UNKNOWN,false,false,EXECUTION_FAIL,EXECUTION_FAIL,true
BASE-294,FAIL,PASS,FAIL,UNKNOWN,UNKNOWN,PASS,false,false,EXECUTION_FAIL,EXECUTION_FAIL,true
BASE-295,FAIL,PASS,FAIL,UNKNOWN,UNKNOWN,FAIL,false,false,EXECUTION_FAIL,EXECUTION_FAIL,true
BASE-296,FAIL,PASS,FAIL,UNKNOWN,UNKNOWN,UNKNOWN,false,false,EXECUTION_FAIL,EXECUTION_FAIL,true
BASE-297,FAIL,PASS,UNKNOWN,PASS,PASS,PASS,false,false,EXECUTION_FAIL,EXECUTION_FAIL,true
BASE-298,FAIL,PASS,UNKNOWN,PASS,PASS,FAIL,false,false,EXECUTION_FAIL,EXECUTION_FAIL,true
BASE-299,FAIL,PASS,UNKNOWN,PASS,PASS,UNKNOWN,false,false,EXECUTION_FAIL,EXECUTION_FAIL,true
BASE-300,FAIL,PASS,UNKNOWN,PASS,FAIL,PASS,false,false,EXECUTION_FAIL,EXECUTION_FAIL,true
BASE-301,FAIL,PASS,UNKNOWN,PASS,FAIL,FAIL,false,false,EXECUTION_FAIL,EXECUTION_FAIL,true
BASE-302,FAIL,PASS,UNKNOWN,PASS,FAIL,UNKNOWN,false,false,EXECUTION_FAIL,EXECUTION_FAIL,true
BASE-303,FAIL,PASS,UNKNOWN,PASS,UNKNOWN,PASS,false,false,EXECUTION_FAIL,EXECUTION_FAIL,true
BASE-304,FAIL,PASS,UNKNOWN,PASS,UNKNOWN,FAIL,false,false,EXECUTION_FAIL,EXECUTION_FAIL,true
BASE-305,FAIL,PASS,UNKNOWN,PASS,UNKNOWN,UNKNOWN,false,false,EXECUTION_FAIL,EXECUTION_FAIL,true
BASE-306,FAIL,PASS,UNKNOWN,FAIL,PASS,PASS,false,false,EXECUTION_FAIL,EXECUTION_FAIL,true
BASE-307,FAIL,PASS,UNKNOWN,FAIL,PASS,FAIL,false,false,EXECUTION_FAIL,EXECUTION_FAIL,true
BASE-308,FAIL,PASS,UNKNOWN,FAIL,PASS,UNKNOWN,false,false,EXECUTION_FAIL,EXECUTION_FAIL,true
BASE-309,FAIL,PASS,UNKNOWN,FAIL,FAIL,PASS,false,false,EXECUTION_FAIL,EXECUTION_FAIL,true
BASE-310,FAIL,PASS,UNKNOWN,FAIL,FAIL,FAIL,false,false,EXECUTION_FAIL,EXECUTION_FAIL,true
BASE-311,FAIL,PASS,UNKNOWN,FAIL,FAIL,UNKNOWN,false,false,EXECUTION_FAIL,EXECUTION_FAIL,true
BASE-312,FAIL,PASS,UNKNOWN,FAIL,UNKNOWN,PASS,false,false,EXECUTION_FAIL,EXECUTION_FAIL,true
BASE-313,FAIL,PASS,UNKNOWN,FAIL,UNKNOWN,FAIL,false,false,EXECUTION_FAIL,EXECUTION_FAIL,true
BASE-314,FAIL,PASS,UNKNOWN,FAIL,UNKNOWN,UNKNOWN,false,false,EXECUTION_FAIL,EXECUTION_FAIL,true
BASE-315,FAIL,PASS,UNKNOWN,UNKNOWN,PASS,PASS,false,false,EXECUTION_FAIL,EXECUTION_FAIL,true
BASE-316,FAIL,PASS,UNKNOWN,UNKNOWN,PASS,FAIL,false,false,EXECUTION_FAIL,EXECUTION_FAIL,true
BASE-317,FAIL,PASS,UNKNOWN,UNKNOWN,PASS,UNKNOWN,false,false,EXECUTION_FAIL,EXECUTION_FAIL,true
BASE-318,FAIL,PASS,UNKNOWN,UNKNOWN,FAIL,PASS,false,false,EXECUTION_FAIL,EXECUTION_FAIL,true
BASE-319,FAIL,PASS,UNKNOWN,UNKNOWN,FAIL,FAIL,false,false,EXECUTION_FAIL,EXECUTION_FAIL,true
BASE-320,FAIL,PASS,UNKNOWN,UNKNOWN,FAIL,UNKNOWN,false,false,EXECUTION_FAIL,EXECUTION_FAIL,true
BASE-321,FAIL,PASS,UNKNOWN,UNKNOWN,UNKNOWN,PASS,false,false,EXECUTION_FAIL,EXECUTION_FAIL,true
BASE-322,FAIL,PASS,UNKNOWN,UNKNOWN,UNKNOWN,FAIL,false,false,EXECUTION_FAIL,EXECUTION_FAIL,true
BASE-323,FAIL,PASS,UNKNOWN,UNKNOWN,UNKNOWN,UNKNOWN,false,false,EXECUTION_FAIL,EXECUTION_FAIL,true
BASE-324,FAIL,FAIL,PASS,PASS,PASS,PASS,false,false,EXECUTION_FAIL,EXECUTION_FAIL,true
BASE-325,FAIL,FAIL,PASS,PASS,PASS,FAIL,false,false,EXECUTION_FAIL,EXECUTION_FAIL,true
BASE-326,FAIL,FAIL,PASS,PASS,PASS,UNKNOWN,false,false,EXECUTION_FAIL,EXECUTION_FAIL,true
BASE-327,FAIL,FAIL,PASS,PASS,FAIL,PASS,false,false,EXECUTION_FAIL,EXECUTION_FAIL,true
BASE-328,FAIL,FAIL,PASS,PASS,FAIL,FAIL,false,false,EXECUTION_FAIL,EXECUTION_FAIL,true
BASE-329,FAIL,FAIL,PASS,PASS,FAIL,UNKNOWN,false,false,EXECUTION_FAIL,EXECUTION_FAIL,true
BASE-330,FAIL,FAIL,PASS,PASS,UNKNOWN,PASS,false,false,EXECUTION_FAIL,EXECUTION_FAIL,true
BASE-331,FAIL,FAIL,PASS,PASS,UNKNOWN,FAIL,false,false,EXECUTION_FAIL,EXECUTION_FAIL,true
BASE-332,FAIL,FAIL,PASS,PASS,UNKNOWN,UNKNOWN,false,false,EXECUTION_FAIL,EXECUTION_FAIL,true
BASE-333,FAIL,FAIL,PASS,FAIL,PASS,PASS,false,false,EXECUTION_FAIL,EXECUTION_FAIL,true
BASE-334,FAIL,FAIL,PASS,FAIL,PASS,FAIL,false,false,EXECUTION_FAIL,EXECUTION_FAIL,true
BASE-335,FAIL,FAIL,PASS,FAIL,PASS,UNKNOWN,false,false,EXECUTION_FAIL,EXECUTION_FAIL,true
BASE-336,FAIL,FAIL,PASS,FAIL,FAIL,PASS,false,false,EXECUTION_FAIL,EXECUTION_FAIL,true
BASE-337,FAIL,FAIL,PASS,FAIL,FAIL,FAIL,false,false,EXECUTION_FAIL,EXECUTION_FAIL,true
BASE-338,FAIL,FAIL,PASS,FAIL,FAIL,UNKNOWN,false,false,EXECUTION_FAIL,EXECUTION_FAIL,true
BASE-339,FAIL,FAIL,PASS,FAIL,UNKNOWN,PASS,false,false,EXECUTION_FAIL,EXECUTION_FAIL,true
BASE-340,FAIL,FAIL,PASS,FAIL,UNKNOWN,FAIL,false,false,EXECUTION_FAIL,EXECUTION_FAIL,true
BASE-341,FAIL,FAIL,PASS,FAIL,UNKNOWN,UNKNOWN,false,false,EXECUTION_FAIL,EXECUTION_FAIL,true
BASE-342,FAIL,FAIL,PASS,UNKNOWN,PASS,PASS,false,false,EXECUTION_FAIL,EXECUTION_FAIL,true
BASE-343,FAIL,FAIL,PASS,UNKNOWN,PASS,FAIL,false,false,EXECUTION_FAIL,EXECUTION_FAIL,true
BASE-344,FAIL,FAIL,PASS,UNKNOWN,PASS,UNKNOWN,false,false,EXECUTION_FAIL,EXECUTION_FAIL,true
BASE-345,FAIL,FAIL,PASS,UNKNOWN,FAIL,PASS,false,false,EXECUTION_FAIL,EXECUTION_FAIL,true
BASE-346,FAIL,FAIL,PASS,UNKNOWN,FAIL,FAIL,false,false,EXECUTION_FAIL,EXECUTION_FAIL,true
BASE-347,FAIL,FAIL,PASS,UNKNOWN,FAIL,UNKNOWN,false,false,EXECUTION_FAIL,EXECUTION_FAIL,true
BASE-348,FAIL,FAIL,PASS,UNKNOWN,UNKNOWN,PASS,false,false,EXECUTION_FAIL,EXECUTION_FAIL,true
BASE-349,FAIL,FAIL,PASS,UNKNOWN,UNKNOWN,FAIL,false,false,EXECUTION_FAIL,EXECUTION_FAIL,true
BASE-350,FAIL,FAIL,PASS,UNKNOWN,UNKNOWN,UNKNOWN,false,false,EXECUTION_FAIL,EXECUTION_FAIL,true
BASE-351,FAIL,FAIL,FAIL,PASS,PASS,PASS,false,false,EXECUTION_FAIL,EXECUTION_FAIL,true
BASE-352,FAIL,FAIL,FAIL,PASS,PASS,FAIL,false,false,EXECUTION_FAIL,EXECUTION_FAIL,true
BASE-353,FAIL,FAIL,FAIL,PASS,PASS,UNKNOWN,false,false,EXECUTION_FAIL,EXECUTION_FAIL,true
BASE-354,FAIL,FAIL,FAIL,PASS,FAIL,PASS,false,false,EXECUTION_FAIL,EXECUTION_FAIL,true
BASE-355,FAIL,FAIL,FAIL,PASS,FAIL,FAIL,false,false,EXECUTION_FAIL,EXECUTION_FAIL,true
BASE-356,FAIL,FAIL,FAIL,PASS,FAIL,UNKNOWN,false,false,EXECUTION_FAIL,EXECUTION_FAIL,true
BASE-357,FAIL,FAIL,FAIL,PASS,UNKNOWN,PASS,false,false,EXECUTION_FAIL,EXECUTION_FAIL,true
BASE-358,FAIL,FAIL,FAIL,PASS,UNKNOWN,FAIL,false,false,EXECUTION_FAIL,EXECUTION_FAIL,true
BASE-359,FAIL,FAIL,FAIL,PASS,UNKNOWN,UNKNOWN,false,false,EXECUTION_FAIL,EXECUTION_FAIL,true
BASE-360,FAIL,FAIL,FAIL,FAIL,PASS,PASS,false,false,EXECUTION_FAIL,EXECUTION_FAIL,true
BASE-361,FAIL,FAIL,FAIL,FAIL,PASS,FAIL,false,false,EXECUTION_FAIL,EXECUTION_FAIL,true
BASE-362,FAIL,FAIL,FAIL,FAIL,PASS,UNKNOWN,false,false,EXECUTION_FAIL,EXECUTION_FAIL,true
BASE-363,FAIL,FAIL,FAIL,FAIL,FAIL,PASS,false,false,EXECUTION_FAIL,EXECUTION_FAIL,true
BASE-364,FAIL,FAIL,FAIL,FAIL,FAIL,FAIL,false,false,EXECUTION_FAIL,EXECUTION_FAIL,true
BASE-365,FAIL,FAIL,FAIL,FAIL,FAIL,UNKNOWN,false,false,EXECUTION_FAIL,EXECUTION_FAIL,true
BASE-366,FAIL,FAIL,FAIL,FAIL,UNKNOWN,PASS,false,false,EXECUTION_FAIL,EXECUTION_FAIL,true
BASE-367,FAIL,FAIL,FAIL,FAIL,UNKNOWN,FAIL,false,false,EXECUTION_FAIL,EXECUTION_FAIL,true
BASE-368,FAIL,FAIL,FAIL,FAIL,UNKNOWN,UNKNOWN,false,false,EXECUTION_FAIL,EXECUTION_FAIL,true
BASE-369,FAIL,FAIL,FAIL,UNKNOWN,PASS,PASS,false,false,EXECUTION_FAIL,EXECUTION_FAIL,true
BASE-370,FAIL,FAIL,FAIL,UNKNOWN,PASS,FAIL,false,false,EXECUTION_FAIL,EXECUTION_FAIL,true
BASE-371,FAIL,FAIL,FAIL,UNKNOWN,PASS,UNKNOWN,false,false,EXECUTION_FAIL,EXECUTION_FAIL,true
BASE-372,FAIL,FAIL,FAIL,UNKNOWN,FAIL,PASS,false,false,EXECUTION_FAIL,EXECUTION_FAIL,true
BASE-373,FAIL,FAIL,FAIL,UNKNOWN,FAIL,FAIL,false,false,EXECUTION_FAIL,EXECUTION_FAIL,true
BASE-374,FAIL,FAIL,FAIL,UNKNOWN,FAIL,UNKNOWN,false,false,EXECUTION_FAIL,EXECUTION_FAIL,true
BASE-375,FAIL,FAIL,FAIL,UNKNOWN,UNKNOWN,PASS,false,false,EXECUTION_FAIL,EXECUTION_FAIL,true
BASE-376,FAIL,FAIL,FAIL,UNKNOWN,UNKNOWN,FAIL,false,false,EXECUTION_FAIL,EXECUTION_FAIL,true
BASE-377,FAIL,FAIL,FAIL,UNKNOWN,UNKNOWN,UNKNOWN,false,false,EXECUTION_FAIL,EXECUTION_FAIL,true
BASE-378,FAIL,FAIL,UNKNOWN,PASS,PASS,PASS,false,false,EXECUTION_FAIL,EXECUTION_FAIL,true
BASE-379,FAIL,FAIL,UNKNOWN,PASS,PASS,FAIL,false,false,EXECUTION_FAIL,EXECUTION_FAIL,true
BASE-380,FAIL,FAIL,UNKNOWN,PASS,PASS,UNKNOWN,false,false,EXECUTION_FAIL,EXECUTION_FAIL,true
BASE-381,FAIL,FAIL,UNKNOWN,PASS,FAIL,PASS,false,false,EXECUTION_FAIL,EXECUTION_FAIL,true
BASE-382,FAIL,FAIL,UNKNOWN,PASS,FAIL,FAIL,false,false,EXECUTION_FAIL,EXECUTION_FAIL,true
BASE-383,FAIL,FAIL,UNKNOWN,PASS,FAIL,UNKNOWN,false,false,EXECUTION_FAIL,EXECUTION_FAIL,true
BASE-384,FAIL,FAIL,UNKNOWN,PASS,UNKNOWN,PASS,false,false,EXECUTION_FAIL,EXECUTION_FAIL,true
BASE-385,FAIL,FAIL,UNKNOWN,PASS,UNKNOWN,FAIL,false,false,EXECUTION_FAIL,EXECUTION_FAIL,true
BASE-386,FAIL,FAIL,UNKNOWN,PASS,UNKNOWN,UNKNOWN,false,false,EXECUTION_FAIL,EXECUTION_FAIL,true
BASE-387,FAIL,FAIL,UNKNOWN,FAIL,PASS,PASS,false,false,EXECUTION_FAIL,EXECUTION_FAIL,true
BASE-388,FAIL,FAIL,UNKNOWN,FAIL,PASS,FAIL,false,false,EXECUTION_FAIL,EXECUTION_FAIL,true
BASE-389,FAIL,FAIL,UNKNOWN,FAIL,PASS,UNKNOWN,false,false,EXECUTION_FAIL,EXECUTION_FAIL,true
BASE-390,FAIL,FAIL,UNKNOWN,FAIL,FAIL,PASS,false,false,EXECUTION_FAIL,EXECUTION_FAIL,true
BASE-391,FAIL,FAIL,UNKNOWN,FAIL,FAIL,FAIL,false,false,EXECUTION_FAIL,EXECUTION_FAIL,true
BASE-392,FAIL,FAIL,UNKNOWN,FAIL,FAIL,UNKNOWN,false,false,EXECUTION_FAIL,EXECUTION_FAIL,true
BASE-393,FAIL,FAIL,UNKNOWN,FAIL,UNKNOWN,PASS,false,false,EXECUTION_FAIL,EXECUTION_FAIL,true
BASE-394,FAIL,FAIL,UNKNOWN,FAIL,UNKNOWN,FAIL,false,false,EXECUTION_FAIL,EXECUTION_FAIL,true
BASE-395,FAIL,FAIL,UNKNOWN,FAIL,UNKNOWN,UNKNOWN,false,false,EXECUTION_FAIL,EXECUTION_FAIL,true
BASE-396,FAIL,FAIL,UNKNOWN,UNKNOWN,PASS,PASS,false,false,EXECUTION_FAIL,EXECUTION_FAIL,true
BASE-397,FAIL,FAIL,UNKNOWN,UNKNOWN,PASS,FAIL,false,false,EXECUTION_FAIL,EXECUTION_FAIL,true
BASE-398,FAIL,FAIL,UNKNOWN,UNKNOWN,PASS,UNKNOWN,false,false,EXECUTION_FAIL,EXECUTION_FAIL,true
BASE-399,FAIL,FAIL,UNKNOWN,UNKNOWN,FAIL,PASS,false,false,EXECUTION_FAIL,EXECUTION_FAIL,true
BASE-400,FAIL,FAIL,UNKNOWN,UNKNOWN,FAIL,FAIL,false,false,EXECUTION_FAIL,EXECUTION_FAIL,true
BASE-401,FAIL,FAIL,UNKNOWN,UNKNOWN,FAIL,UNKNOWN,false,false,EXECUTION_FAIL,EXECUTION_FAIL,true
BASE-402,FAIL,FAIL,UNKNOWN,UNKNOWN,UNKNOWN,PASS,false,false,EXECUTION_FAIL,EXECUTION_FAIL,true
BASE-403,FAIL,FAIL,UNKNOWN,UNKNOWN,UNKNOWN,FAIL,false,false,EXECUTION_FAIL,EXECUTION_FAIL,true
BASE-404,FAIL,FAIL,UNKNOWN,UNKNOWN,UNKNOWN,UNKNOWN,false,false,EXECUTION_FAIL,EXECUTION_FAIL,true
BASE-405,FAIL,UNKNOWN,PASS,PASS,PASS,PASS,false,false,EXECUTION_FAIL,EXECUTION_FAIL,true
BASE-406,FAIL,UNKNOWN,PASS,PASS,PASS,FAIL,false,false,EXECUTION_FAIL,EXECUTION_FAIL,true
BASE-407,FAIL,UNKNOWN,PASS,PASS,PASS,UNKNOWN,false,false,EXECUTION_FAIL,EXECUTION_FAIL,true
BASE-408,FAIL,UNKNOWN,PASS,PASS,FAIL,PASS,false,false,EXECUTION_FAIL,EXECUTION_FAIL,true
BASE-409,FAIL,UNKNOWN,PASS,PASS,FAIL,FAIL,false,false,EXECUTION_FAIL,EXECUTION_FAIL,true
BASE-410,FAIL,UNKNOWN,PASS,PASS,FAIL,UNKNOWN,false,false,EXECUTION_FAIL,EXECUTION_FAIL,true
BASE-411,FAIL,UNKNOWN,PASS,PASS,UNKNOWN,PASS,false,false,EXECUTION_FAIL,EXECUTION_FAIL,true
BASE-412,FAIL,UNKNOWN,PASS,PASS,UNKNOWN,FAIL,false,false,EXECUTION_FAIL,EXECUTION_FAIL,true
BASE-413,FAIL,UNKNOWN,PASS,PASS,UNKNOWN,UNKNOWN,false,false,EXECUTION_FAIL,EXECUTION_FAIL,true
BASE-414,FAIL,UNKNOWN,PASS,FAIL,PASS,PASS,false,false,EXECUTION_FAIL,EXECUTION_FAIL,true
BASE-415,FAIL,UNKNOWN,PASS,FAIL,PASS,FAIL,false,false,EXECUTION_FAIL,EXECUTION_FAIL,true
BASE-416,FAIL,UNKNOWN,PASS,FAIL,PASS,UNKNOWN,false,false,EXECUTION_FAIL,EXECUTION_FAIL,true
BASE-417,FAIL,UNKNOWN,PASS,FAIL,FAIL,PASS,false,false,EXECUTION_FAIL,EXECUTION_FAIL,true
BASE-418,FAIL,UNKNOWN,PASS,FAIL,FAIL,FAIL,false,false,EXECUTION_FAIL,EXECUTION_FAIL,true
BASE-419,FAIL,UNKNOWN,PASS,FAIL,FAIL,UNKNOWN,false,false,EXECUTION_FAIL,EXECUTION_FAIL,true
BASE-420,FAIL,UNKNOWN,PASS,FAIL,UNKNOWN,PASS,false,false,EXECUTION_FAIL,EXECUTION_FAIL,true
BASE-421,FAIL,UNKNOWN,PASS,FAIL,UNKNOWN,FAIL,false,false,EXECUTION_FAIL,EXECUTION_FAIL,true
BASE-422,FAIL,UNKNOWN,PASS,FAIL,UNKNOWN,UNKNOWN,false,false,EXECUTION_FAIL,EXECUTION_FAIL,true
BASE-423,FAIL,UNKNOWN,PASS,UNKNOWN,PASS,PASS,false,false,EXECUTION_FAIL,EXECUTION_FAIL,true
BASE-424,FAIL,UNKNOWN,PASS,UNKNOWN,PASS,FAIL,false,false,EXECUTION_FAIL,EXECUTION_FAIL,true
BASE-425,FAIL,UNKNOWN,PASS,UNKNOWN,PASS,UNKNOWN,false,false,EXECUTION_FAIL,EXECUTION_FAIL,true
BASE-426,FAIL,UNKNOWN,PASS,UNKNOWN,FAIL,PASS,false,false,EXECUTION_FAIL,EXECUTION_FAIL,true
BASE-427,FAIL,UNKNOWN,PASS,UNKNOWN,FAIL,FAIL,false,false,EXECUTION_FAIL,EXECUTION_FAIL,true
BASE-428,FAIL,UNKNOWN,PASS,UNKNOWN,FAIL,UNKNOWN,false,false,EXECUTION_FAIL,EXECUTION_FAIL,true
BASE-429,FAIL,UNKNOWN,PASS,UNKNOWN,UNKNOWN,PASS,false,false,EXECUTION_FAIL,EXECUTION_FAIL,true
BASE-430,FAIL,UNKNOWN,PASS,UNKNOWN,UNKNOWN,FAIL,false,false,EXECUTION_FAIL,EXECUTION_FAIL,true
BASE-431,FAIL,UNKNOWN,PASS,UNKNOWN,UNKNOWN,UNKNOWN,false,false,EXECUTION_FAIL,EXECUTION_FAIL,true
BASE-432,FAIL,UNKNOWN,FAIL,PASS,PASS,PASS,false,false,EXECUTION_FAIL,EXECUTION_FAIL,true
BASE-433,FAIL,UNKNOWN,FAIL,PASS,PASS,FAIL,false,false,EXECUTION_FAIL,EXECUTION_FAIL,true
BASE-434,FAIL,UNKNOWN,FAIL,PASS,PASS,UNKNOWN,false,false,EXECUTION_FAIL,EXECUTION_FAIL,true
BASE-435,FAIL,UNKNOWN,FAIL,PASS,FAIL,PASS,false,false,EXECUTION_FAIL,EXECUTION_FAIL,true
BASE-436,FAIL,UNKNOWN,FAIL,PASS,FAIL,FAIL,false,false,EXECUTION_FAIL,EXECUTION_FAIL,true
BASE-437,FAIL,UNKNOWN,FAIL,PASS,FAIL,UNKNOWN,false,false,EXECUTION_FAIL,EXECUTION_FAIL,true
BASE-438,FAIL,UNKNOWN,FAIL,PASS,UNKNOWN,PASS,false,false,EXECUTION_FAIL,EXECUTION_FAIL,true
BASE-439,FAIL,UNKNOWN,FAIL,PASS,UNKNOWN,FAIL,false,false,EXECUTION_FAIL,EXECUTION_FAIL,true
BASE-440,FAIL,UNKNOWN,FAIL,PASS,UNKNOWN,UNKNOWN,false,false,EXECUTION_FAIL,EXECUTION_FAIL,true
BASE-441,FAIL,UNKNOWN,FAIL,FAIL,PASS,PASS,false,false,EXECUTION_FAIL,EXECUTION_FAIL,true
BASE-442,FAIL,UNKNOWN,FAIL,FAIL,PASS,FAIL,false,false,EXECUTION_FAIL,EXECUTION_FAIL,true
BASE-443,FAIL,UNKNOWN,FAIL,FAIL,PASS,UNKNOWN,false,false,EXECUTION_FAIL,EXECUTION_FAIL,true
BASE-444,FAIL,UNKNOWN,FAIL,FAIL,FAIL,PASS,false,false,EXECUTION_FAIL,EXECUTION_FAIL,true
BASE-445,FAIL,UNKNOWN,FAIL,FAIL,FAIL,FAIL,false,false,EXECUTION_FAIL,EXECUTION_FAIL,true
BASE-446,FAIL,UNKNOWN,FAIL,FAIL,FAIL,UNKNOWN,false,false,EXECUTION_FAIL,EXECUTION_FAIL,true
BASE-447,FAIL,UNKNOWN,FAIL,FAIL,UNKNOWN,PASS,false,false,EXECUTION_FAIL,EXECUTION_FAIL,true
BASE-448,FAIL,UNKNOWN,FAIL,FAIL,UNKNOWN,FAIL,false,false,EXECUTION_FAIL,EXECUTION_FAIL,true
BASE-449,FAIL,UNKNOWN,FAIL,FAIL,UNKNOWN,UNKNOWN,false,false,EXECUTION_FAIL,EXECUTION_FAIL,true
BASE-450,FAIL,UNKNOWN,FAIL,UNKNOWN,PASS,PASS,false,false,EXECUTION_FAIL,EXECUTION_FAIL,true
BASE-451,FAIL,UNKNOWN,FAIL,UNKNOWN,PASS,FAIL,false,false,EXECUTION_FAIL,EXECUTION_FAIL,true
BASE-452,FAIL,UNKNOWN,FAIL,UNKNOWN,PASS,UNKNOWN,false,false,EXECUTION_FAIL,EXECUTION_FAIL,true
BASE-453,FAIL,UNKNOWN,FAIL,UNKNOWN,FAIL,PASS,false,false,EXECUTION_FAIL,EXECUTION_FAIL,true
BASE-454,FAIL,UNKNOWN,FAIL,UNKNOWN,FAIL,FAIL,false,false,EXECUTION_FAIL,EXECUTION_FAIL,true
BASE-455,FAIL,UNKNOWN,FAIL,UNKNOWN,FAIL,UNKNOWN,false,false,EXECUTION_FAIL,EXECUTION_FAIL,true
BASE-456,FAIL,UNKNOWN,FAIL,UNKNOWN,UNKNOWN,PASS,false,false,EXECUTION_FAIL,EXECUTION_FAIL,true
BASE-457,FAIL,UNKNOWN,FAIL,UNKNOWN,UNKNOWN,FAIL,false,false,EXECUTION_FAIL,EXECUTION_FAIL,true
BASE-458,FAIL,UNKNOWN,FAIL,UNKNOWN,UNKNOWN,UNKNOWN,false,false,EXECUTION_FAIL,EXECUTION_FAIL,true
BASE-459,FAIL,UNKNOWN,UNKNOWN,PASS,PASS,PASS,false,false,EXECUTION_FAIL,EXECUTION_FAIL,true
BASE-460,FAIL,UNKNOWN,UNKNOWN,PASS,PASS,FAIL,false,false,EXECUTION_FAIL,EXECUTION_FAIL,true
BASE-461,FAIL,UNKNOWN,UNKNOWN,PASS,PASS,UNKNOWN,false,false,EXECUTION_FAIL,EXECUTION_FAIL,true
BASE-462,FAIL,UNKNOWN,UNKNOWN,PASS,FAIL,PASS,false,false,EXECUTION_FAIL,EXECUTION_FAIL,true
BASE-463,FAIL,UNKNOWN,UNKNOWN,PASS,FAIL,FAIL,false,false,EXECUTION_FAIL,EXECUTION_FAIL,true
BASE-464,FAIL,UNKNOWN,UNKNOWN,PASS,FAIL,UNKNOWN,false,false,EXECUTION_FAIL,EXECUTION_FAIL,true
BASE-465,FAIL,UNKNOWN,UNKNOWN,PASS,UNKNOWN,PASS,false,false,EXECUTION_FAIL,EXECUTION_FAIL,true
BASE-466,FAIL,UNKNOWN,UNKNOWN,PASS,UNKNOWN,FAIL,false,false,EXECUTION_FAIL,EXECUTION_FAIL,true
BASE-467,FAIL,UNKNOWN,UNKNOWN,PASS,UNKNOWN,UNKNOWN,false,false,EXECUTION_FAIL,EXECUTION_FAIL,true
BASE-468,FAIL,UNKNOWN,UNKNOWN,FAIL,PASS,PASS,false,false,EXECUTION_FAIL,EXECUTION_FAIL,true
BASE-469,FAIL,UNKNOWN,UNKNOWN,FAIL,PASS,FAIL,false,false,EXECUTION_FAIL,EXECUTION_FAIL,true
BASE-470,FAIL,UNKNOWN,UNKNOWN,FAIL,PASS,UNKNOWN,false,false,EXECUTION_FAIL,EXECUTION_FAIL,true
BASE-471,FAIL,UNKNOWN,UNKNOWN,FAIL,FAIL,PASS,false,false,EXECUTION_FAIL,EXECUTION_FAIL,true
BASE-472,FAIL,UNKNOWN,UNKNOWN,FAIL,FAIL,FAIL,false,false,EXECUTION_FAIL,EXECUTION_FAIL,true
BASE-473,FAIL,UNKNOWN,UNKNOWN,FAIL,FAIL,UNKNOWN,false,false,EXECUTION_FAIL,EXECUTION_FAIL,true
BASE-474,FAIL,UNKNOWN,UNKNOWN,FAIL,UNKNOWN,PASS,false,false,EXECUTION_FAIL,EXECUTION_FAIL,true
BASE-475,FAIL,UNKNOWN,UNKNOWN,FAIL,UNKNOWN,FAIL,false,false,EXECUTION_FAIL,EXECUTION_FAIL,true
BASE-476,FAIL,UNKNOWN,UNKNOWN,FAIL,UNKNOWN,UNKNOWN,false,false,EXECUTION_FAIL,EXECUTION_FAIL,true
BASE-477,FAIL,UNKNOWN,UNKNOWN,UNKNOWN,PASS,PASS,false,false,EXECUTION_FAIL,EXECUTION_FAIL,true
BASE-478,FAIL,UNKNOWN,UNKNOWN,UNKNOWN,PASS,FAIL,false,false,EXECUTION_FAIL,EXECUTION_FAIL,true
BASE-479,FAIL,UNKNOWN,UNKNOWN,UNKNOWN,PASS,UNKNOWN,false,false,EXECUTION_FAIL,EXECUTION_FAIL,true
BASE-480,FAIL,UNKNOWN,UNKNOWN,UNKNOWN,FAIL,PASS,false,false,EXECUTION_FAIL,EXECUTION_FAIL,true
BASE-481,FAIL,UNKNOWN,UNKNOWN,UNKNOWN,FAIL,FAIL,false,false,EXECUTION_FAIL,EXECUTION_FAIL,true
BASE-482,FAIL,UNKNOWN,UNKNOWN,UNKNOWN,FAIL,UNKNOWN,false,false,EXECUTION_FAIL,EXECUTION_FAIL,true
BASE-483,FAIL,UNKNOWN,UNKNOWN,UNKNOWN,UNKNOWN,PASS,false,false,EXECUTION_FAIL,EXECUTION_FAIL,true
BASE-484,FAIL,UNKNOWN,UNKNOWN,UNKNOWN,UNKNOWN,FAIL,false,false,EXECUTION_FAIL,EXECUTION_FAIL,true
BASE-485,FAIL,UNKNOWN,UNKNOWN,UNKNOWN,UNKNOWN,UNKNOWN,false,false,EXECUTION_FAIL,EXECUTION_FAIL,true
BASE-486,UNKNOWN,PASS,PASS,PASS,PASS,PASS,false,false,EXECUTION_UNKNOWN,EXECUTION_UNKNOWN,true
BASE-487,UNKNOWN,PASS,PASS,PASS,PASS,FAIL,false,false,EXECUTION_UNKNOWN,EXECUTION_UNKNOWN,true
BASE-488,UNKNOWN,PASS,PASS,PASS,PASS,UNKNOWN,false,false,EXECUTION_UNKNOWN,EXECUTION_UNKNOWN,true
BASE-489,UNKNOWN,PASS,PASS,PASS,FAIL,PASS,false,false,EXECUTION_UNKNOWN,EXECUTION_UNKNOWN,true
BASE-490,UNKNOWN,PASS,PASS,PASS,FAIL,FAIL,false,false,EXECUTION_UNKNOWN,EXECUTION_UNKNOWN,true
BASE-491,UNKNOWN,PASS,PASS,PASS,FAIL,UNKNOWN,false,false,EXECUTION_UNKNOWN,EXECUTION_UNKNOWN,true
BASE-492,UNKNOWN,PASS,PASS,PASS,UNKNOWN,PASS,false,false,EXECUTION_UNKNOWN,EXECUTION_UNKNOWN,true
BASE-493,UNKNOWN,PASS,PASS,PASS,UNKNOWN,FAIL,false,false,EXECUTION_UNKNOWN,EXECUTION_UNKNOWN,true
BASE-494,UNKNOWN,PASS,PASS,PASS,UNKNOWN,UNKNOWN,false,false,EXECUTION_UNKNOWN,EXECUTION_UNKNOWN,true
BASE-495,UNKNOWN,PASS,PASS,FAIL,PASS,PASS,false,false,EXECUTION_UNKNOWN,EXECUTION_UNKNOWN,true
BASE-496,UNKNOWN,PASS,PASS,FAIL,PASS,FAIL,false,false,EXECUTION_UNKNOWN,EXECUTION_UNKNOWN,true
BASE-497,UNKNOWN,PASS,PASS,FAIL,PASS,UNKNOWN,false,false,EXECUTION_UNKNOWN,EXECUTION_UNKNOWN,true
BASE-498,UNKNOWN,PASS,PASS,FAIL,FAIL,PASS,false,false,EXECUTION_UNKNOWN,EXECUTION_UNKNOWN,true
BASE-499,UNKNOWN,PASS,PASS,FAIL,FAIL,FAIL,false,false,EXECUTION_UNKNOWN,EXECUTION_UNKNOWN,true
BASE-500,UNKNOWN,PASS,PASS,FAIL,FAIL,UNKNOWN,false,false,EXECUTION_UNKNOWN,EXECUTION_UNKNOWN,true
BASE-501,UNKNOWN,PASS,PASS,FAIL,UNKNOWN,PASS,false,false,EXECUTION_UNKNOWN,EXECUTION_UNKNOWN,true
BASE-502,UNKNOWN,PASS,PASS,FAIL,UNKNOWN,FAIL,false,false,EXECUTION_UNKNOWN,EXECUTION_UNKNOWN,true
BASE-503,UNKNOWN,PASS,PASS,FAIL,UNKNOWN,UNKNOWN,false,false,EXECUTION_UNKNOWN,EXECUTION_UNKNOWN,true
BASE-504,UNKNOWN,PASS,PASS,UNKNOWN,PASS,PASS,false,false,EXECUTION_UNKNOWN,EXECUTION_UNKNOWN,true
BASE-505,UNKNOWN,PASS,PASS,UNKNOWN,PASS,FAIL,false,false,EXECUTION_UNKNOWN,EXECUTION_UNKNOWN,true
BASE-506,UNKNOWN,PASS,PASS,UNKNOWN,PASS,UNKNOWN,false,false,EXECUTION_UNKNOWN,EXECUTION_UNKNOWN,true
BASE-507,UNKNOWN,PASS,PASS,UNKNOWN,FAIL,PASS,false,false,EXECUTION_UNKNOWN,EXECUTION_UNKNOWN,true
BASE-508,UNKNOWN,PASS,PASS,UNKNOWN,FAIL,FAIL,false,false,EXECUTION_UNKNOWN,EXECUTION_UNKNOWN,true
BASE-509,UNKNOWN,PASS,PASS,UNKNOWN,FAIL,UNKNOWN,false,false,EXECUTION_UNKNOWN,EXECUTION_UNKNOWN,true
BASE-510,UNKNOWN,PASS,PASS,UNKNOWN,UNKNOWN,PASS,false,false,EXECUTION_UNKNOWN,EXECUTION_UNKNOWN,true
BASE-511,UNKNOWN,PASS,PASS,UNKNOWN,UNKNOWN,FAIL,false,false,EXECUTION_UNKNOWN,EXECUTION_UNKNOWN,true
BASE-512,UNKNOWN,PASS,PASS,UNKNOWN,UNKNOWN,UNKNOWN,false,false,EXECUTION_UNKNOWN,EXECUTION_UNKNOWN,true
BASE-513,UNKNOWN,PASS,FAIL,PASS,PASS,PASS,false,false,EXECUTION_UNKNOWN,EXECUTION_UNKNOWN,true
BASE-514,UNKNOWN,PASS,FAIL,PASS,PASS,FAIL,false,false,EXECUTION_UNKNOWN,EXECUTION_UNKNOWN,true
BASE-515,UNKNOWN,PASS,FAIL,PASS,PASS,UNKNOWN,false,false,EXECUTION_UNKNOWN,EXECUTION_UNKNOWN,true
BASE-516,UNKNOWN,PASS,FAIL,PASS,FAIL,PASS,false,false,EXECUTION_UNKNOWN,EXECUTION_UNKNOWN,true
BASE-517,UNKNOWN,PASS,FAIL,PASS,FAIL,FAIL,false,false,EXECUTION_UNKNOWN,EXECUTION_UNKNOWN,true
BASE-518,UNKNOWN,PASS,FAIL,PASS,FAIL,UNKNOWN,false,false,EXECUTION_UNKNOWN,EXECUTION_UNKNOWN,true
BASE-519,UNKNOWN,PASS,FAIL,PASS,UNKNOWN,PASS,false,false,EXECUTION_UNKNOWN,EXECUTION_UNKNOWN,true
BASE-520,UNKNOWN,PASS,FAIL,PASS,UNKNOWN,FAIL,false,false,EXECUTION_UNKNOWN,EXECUTION_UNKNOWN,true
BASE-521,UNKNOWN,PASS,FAIL,PASS,UNKNOWN,UNKNOWN,false,false,EXECUTION_UNKNOWN,EXECUTION_UNKNOWN,true
BASE-522,UNKNOWN,PASS,FAIL,FAIL,PASS,PASS,false,false,EXECUTION_UNKNOWN,EXECUTION_UNKNOWN,true
BASE-523,UNKNOWN,PASS,FAIL,FAIL,PASS,FAIL,false,false,EXECUTION_UNKNOWN,EXECUTION_UNKNOWN,true
BASE-524,UNKNOWN,PASS,FAIL,FAIL,PASS,UNKNOWN,false,false,EXECUTION_UNKNOWN,EXECUTION_UNKNOWN,true
BASE-525,UNKNOWN,PASS,FAIL,FAIL,FAIL,PASS,false,false,EXECUTION_UNKNOWN,EXECUTION_UNKNOWN,true
BASE-526,UNKNOWN,PASS,FAIL,FAIL,FAIL,FAIL,false,false,EXECUTION_UNKNOWN,EXECUTION_UNKNOWN,true
BASE-527,UNKNOWN,PASS,FAIL,FAIL,FAIL,UNKNOWN,false,false,EXECUTION_UNKNOWN,EXECUTION_UNKNOWN,true
BASE-528,UNKNOWN,PASS,FAIL,FAIL,UNKNOWN,PASS,false,false,EXECUTION_UNKNOWN,EXECUTION_UNKNOWN,true
BASE-529,UNKNOWN,PASS,FAIL,FAIL,UNKNOWN,FAIL,false,false,EXECUTION_UNKNOWN,EXECUTION_UNKNOWN,true
BASE-530,UNKNOWN,PASS,FAIL,FAIL,UNKNOWN,UNKNOWN,false,false,EXECUTION_UNKNOWN,EXECUTION_UNKNOWN,true
BASE-531,UNKNOWN,PASS,FAIL,UNKNOWN,PASS,PASS,false,false,EXECUTION_UNKNOWN,EXECUTION_UNKNOWN,true
BASE-532,UNKNOWN,PASS,FAIL,UNKNOWN,PASS,FAIL,false,false,EXECUTION_UNKNOWN,EXECUTION_UNKNOWN,true
BASE-533,UNKNOWN,PASS,FAIL,UNKNOWN,PASS,UNKNOWN,false,false,EXECUTION_UNKNOWN,EXECUTION_UNKNOWN,true
BASE-534,UNKNOWN,PASS,FAIL,UNKNOWN,FAIL,PASS,false,false,EXECUTION_UNKNOWN,EXECUTION_UNKNOWN,true
BASE-535,UNKNOWN,PASS,FAIL,UNKNOWN,FAIL,FAIL,false,false,EXECUTION_UNKNOWN,EXECUTION_UNKNOWN,true
BASE-536,UNKNOWN,PASS,FAIL,UNKNOWN,FAIL,UNKNOWN,false,false,EXECUTION_UNKNOWN,EXECUTION_UNKNOWN,true
BASE-537,UNKNOWN,PASS,FAIL,UNKNOWN,UNKNOWN,PASS,false,false,EXECUTION_UNKNOWN,EXECUTION_UNKNOWN,true
BASE-538,UNKNOWN,PASS,FAIL,UNKNOWN,UNKNOWN,FAIL,false,false,EXECUTION_UNKNOWN,EXECUTION_UNKNOWN,true
BASE-539,UNKNOWN,PASS,FAIL,UNKNOWN,UNKNOWN,UNKNOWN,false,false,EXECUTION_UNKNOWN,EXECUTION_UNKNOWN,true
BASE-540,UNKNOWN,PASS,UNKNOWN,PASS,PASS,PASS,false,false,EXECUTION_UNKNOWN,EXECUTION_UNKNOWN,true
BASE-541,UNKNOWN,PASS,UNKNOWN,PASS,PASS,FAIL,false,false,EXECUTION_UNKNOWN,EXECUTION_UNKNOWN,true
BASE-542,UNKNOWN,PASS,UNKNOWN,PASS,PASS,UNKNOWN,false,false,EXECUTION_UNKNOWN,EXECUTION_UNKNOWN,true
BASE-543,UNKNOWN,PASS,UNKNOWN,PASS,FAIL,PASS,false,false,EXECUTION_UNKNOWN,EXECUTION_UNKNOWN,true
BASE-544,UNKNOWN,PASS,UNKNOWN,PASS,FAIL,FAIL,false,false,EXECUTION_UNKNOWN,EXECUTION_UNKNOWN,true
BASE-545,UNKNOWN,PASS,UNKNOWN,PASS,FAIL,UNKNOWN,false,false,EXECUTION_UNKNOWN,EXECUTION_UNKNOWN,true
BASE-546,UNKNOWN,PASS,UNKNOWN,PASS,UNKNOWN,PASS,false,false,EXECUTION_UNKNOWN,EXECUTION_UNKNOWN,true
BASE-547,UNKNOWN,PASS,UNKNOWN,PASS,UNKNOWN,FAIL,false,false,EXECUTION_UNKNOWN,EXECUTION_UNKNOWN,true
BASE-548,UNKNOWN,PASS,UNKNOWN,PASS,UNKNOWN,UNKNOWN,false,false,EXECUTION_UNKNOWN,EXECUTION_UNKNOWN,true
BASE-549,UNKNOWN,PASS,UNKNOWN,FAIL,PASS,PASS,false,false,EXECUTION_UNKNOWN,EXECUTION_UNKNOWN,true
BASE-550,UNKNOWN,PASS,UNKNOWN,FAIL,PASS,FAIL,false,false,EXECUTION_UNKNOWN,EXECUTION_UNKNOWN,true
BASE-551,UNKNOWN,PASS,UNKNOWN,FAIL,PASS,UNKNOWN,false,false,EXECUTION_UNKNOWN,EXECUTION_UNKNOWN,true
BASE-552,UNKNOWN,PASS,UNKNOWN,FAIL,FAIL,PASS,false,false,EXECUTION_UNKNOWN,EXECUTION_UNKNOWN,true
BASE-553,UNKNOWN,PASS,UNKNOWN,FAIL,FAIL,FAIL,false,false,EXECUTION_UNKNOWN,EXECUTION_UNKNOWN,true
BASE-554,UNKNOWN,PASS,UNKNOWN,FAIL,FAIL,UNKNOWN,false,false,EXECUTION_UNKNOWN,EXECUTION_UNKNOWN,true
BASE-555,UNKNOWN,PASS,UNKNOWN,FAIL,UNKNOWN,PASS,false,false,EXECUTION_UNKNOWN,EXECUTION_UNKNOWN,true
BASE-556,UNKNOWN,PASS,UNKNOWN,FAIL,UNKNOWN,FAIL,false,false,EXECUTION_UNKNOWN,EXECUTION_UNKNOWN,true
BASE-557,UNKNOWN,PASS,UNKNOWN,FAIL,UNKNOWN,UNKNOWN,false,false,EXECUTION_UNKNOWN,EXECUTION_UNKNOWN,true
BASE-558,UNKNOWN,PASS,UNKNOWN,UNKNOWN,PASS,PASS,false,false,EXECUTION_UNKNOWN,EXECUTION_UNKNOWN,true
BASE-559,UNKNOWN,PASS,UNKNOWN,UNKNOWN,PASS,FAIL,false,false,EXECUTION_UNKNOWN,EXECUTION_UNKNOWN,true
BASE-560,UNKNOWN,PASS,UNKNOWN,UNKNOWN,PASS,UNKNOWN,false,false,EXECUTION_UNKNOWN,EXECUTION_UNKNOWN,true
BASE-561,UNKNOWN,PASS,UNKNOWN,UNKNOWN,FAIL,PASS,false,false,EXECUTION_UNKNOWN,EXECUTION_UNKNOWN,true
BASE-562,UNKNOWN,PASS,UNKNOWN,UNKNOWN,FAIL,FAIL,false,false,EXECUTION_UNKNOWN,EXECUTION_UNKNOWN,true
BASE-563,UNKNOWN,PASS,UNKNOWN,UNKNOWN,FAIL,UNKNOWN,false,false,EXECUTION_UNKNOWN,EXECUTION_UNKNOWN,true
BASE-564,UNKNOWN,PASS,UNKNOWN,UNKNOWN,UNKNOWN,PASS,false,false,EXECUTION_UNKNOWN,EXECUTION_UNKNOWN,true
BASE-565,UNKNOWN,PASS,UNKNOWN,UNKNOWN,UNKNOWN,FAIL,false,false,EXECUTION_UNKNOWN,EXECUTION_UNKNOWN,true
BASE-566,UNKNOWN,PASS,UNKNOWN,UNKNOWN,UNKNOWN,UNKNOWN,false,false,EXECUTION_UNKNOWN,EXECUTION_UNKNOWN,true
BASE-567,UNKNOWN,FAIL,PASS,PASS,PASS,PASS,false,false,EXECUTION_UNKNOWN,EXECUTION_UNKNOWN,true
BASE-568,UNKNOWN,FAIL,PASS,PASS,PASS,FAIL,false,false,EXECUTION_UNKNOWN,EXECUTION_UNKNOWN,true
BASE-569,UNKNOWN,FAIL,PASS,PASS,PASS,UNKNOWN,false,false,EXECUTION_UNKNOWN,EXECUTION_UNKNOWN,true
BASE-570,UNKNOWN,FAIL,PASS,PASS,FAIL,PASS,false,false,EXECUTION_UNKNOWN,EXECUTION_UNKNOWN,true
BASE-571,UNKNOWN,FAIL,PASS,PASS,FAIL,FAIL,false,false,EXECUTION_UNKNOWN,EXECUTION_UNKNOWN,true
BASE-572,UNKNOWN,FAIL,PASS,PASS,FAIL,UNKNOWN,false,false,EXECUTION_UNKNOWN,EXECUTION_UNKNOWN,true
BASE-573,UNKNOWN,FAIL,PASS,PASS,UNKNOWN,PASS,false,false,EXECUTION_UNKNOWN,EXECUTION_UNKNOWN,true
BASE-574,UNKNOWN,FAIL,PASS,PASS,UNKNOWN,FAIL,false,false,EXECUTION_UNKNOWN,EXECUTION_UNKNOWN,true
BASE-575,UNKNOWN,FAIL,PASS,PASS,UNKNOWN,UNKNOWN,false,false,EXECUTION_UNKNOWN,EXECUTION_UNKNOWN,true
BASE-576,UNKNOWN,FAIL,PASS,FAIL,PASS,PASS,false,false,EXECUTION_UNKNOWN,EXECUTION_UNKNOWN,true
BASE-577,UNKNOWN,FAIL,PASS,FAIL,PASS,FAIL,false,false,EXECUTION_UNKNOWN,EXECUTION_UNKNOWN,true
BASE-578,UNKNOWN,FAIL,PASS,FAIL,PASS,UNKNOWN,false,false,EXECUTION_UNKNOWN,EXECUTION_UNKNOWN,true
BASE-579,UNKNOWN,FAIL,PASS,FAIL,FAIL,PASS,false,false,EXECUTION_UNKNOWN,EXECUTION_UNKNOWN,true
BASE-580,UNKNOWN,FAIL,PASS,FAIL,FAIL,FAIL,false,false,EXECUTION_UNKNOWN,EXECUTION_UNKNOWN,true
BASE-581,UNKNOWN,FAIL,PASS,FAIL,FAIL,UNKNOWN,false,false,EXECUTION_UNKNOWN,EXECUTION_UNKNOWN,true
BASE-582,UNKNOWN,FAIL,PASS,FAIL,UNKNOWN,PASS,false,false,EXECUTION_UNKNOWN,EXECUTION_UNKNOWN,true
BASE-583,UNKNOWN,FAIL,PASS,FAIL,UNKNOWN,FAIL,false,false,EXECUTION_UNKNOWN,EXECUTION_UNKNOWN,true
BASE-584,UNKNOWN,FAIL,PASS,FAIL,UNKNOWN,UNKNOWN,false,false,EXECUTION_UNKNOWN,EXECUTION_UNKNOWN,true
BASE-585,UNKNOWN,FAIL,PASS,UNKNOWN,PASS,PASS,false,false,EXECUTION_UNKNOWN,EXECUTION_UNKNOWN,true
BASE-586,UNKNOWN,FAIL,PASS,UNKNOWN,PASS,FAIL,false,false,EXECUTION_UNKNOWN,EXECUTION_UNKNOWN,true
BASE-587,UNKNOWN,FAIL,PASS,UNKNOWN,PASS,UNKNOWN,false,false,EXECUTION_UNKNOWN,EXECUTION_UNKNOWN,true
BASE-588,UNKNOWN,FAIL,PASS,UNKNOWN,FAIL,PASS,false,false,EXECUTION_UNKNOWN,EXECUTION_UNKNOWN,true
BASE-589,UNKNOWN,FAIL,PASS,UNKNOWN,FAIL,FAIL,false,false,EXECUTION_UNKNOWN,EXECUTION_UNKNOWN,true
BASE-590,UNKNOWN,FAIL,PASS,UNKNOWN,FAIL,UNKNOWN,false,false,EXECUTION_UNKNOWN,EXECUTION_UNKNOWN,true
BASE-591,UNKNOWN,FAIL,PASS,UNKNOWN,UNKNOWN,PASS,false,false,EXECUTION_UNKNOWN,EXECUTION_UNKNOWN,true
BASE-592,UNKNOWN,FAIL,PASS,UNKNOWN,UNKNOWN,FAIL,false,false,EXECUTION_UNKNOWN,EXECUTION_UNKNOWN,true
BASE-593,UNKNOWN,FAIL,PASS,UNKNOWN,UNKNOWN,UNKNOWN,false,false,EXECUTION_UNKNOWN,EXECUTION_UNKNOWN,true
BASE-594,UNKNOWN,FAIL,FAIL,PASS,PASS,PASS,false,false,EXECUTION_UNKNOWN,EXECUTION_UNKNOWN,true
BASE-595,UNKNOWN,FAIL,FAIL,PASS,PASS,FAIL,false,false,EXECUTION_UNKNOWN,EXECUTION_UNKNOWN,true
BASE-596,UNKNOWN,FAIL,FAIL,PASS,PASS,UNKNOWN,false,false,EXECUTION_UNKNOWN,EXECUTION_UNKNOWN,true
BASE-597,UNKNOWN,FAIL,FAIL,PASS,FAIL,PASS,false,false,EXECUTION_UNKNOWN,EXECUTION_UNKNOWN,true
BASE-598,UNKNOWN,FAIL,FAIL,PASS,FAIL,FAIL,false,false,EXECUTION_UNKNOWN,EXECUTION_UNKNOWN,true
BASE-599,UNKNOWN,FAIL,FAIL,PASS,FAIL,UNKNOWN,false,false,EXECUTION_UNKNOWN,EXECUTION_UNKNOWN,true
BASE-600,UNKNOWN,FAIL,FAIL,PASS,UNKNOWN,PASS,false,false,EXECUTION_UNKNOWN,EXECUTION_UNKNOWN,true
BASE-601,UNKNOWN,FAIL,FAIL,PASS,UNKNOWN,FAIL,false,false,EXECUTION_UNKNOWN,EXECUTION_UNKNOWN,true
BASE-602,UNKNOWN,FAIL,FAIL,PASS,UNKNOWN,UNKNOWN,false,false,EXECUTION_UNKNOWN,EXECUTION_UNKNOWN,true
BASE-603,UNKNOWN,FAIL,FAIL,FAIL,PASS,PASS,false,false,EXECUTION_UNKNOWN,EXECUTION_UNKNOWN,true
BASE-604,UNKNOWN,FAIL,FAIL,FAIL,PASS,FAIL,false,false,EXECUTION_UNKNOWN,EXECUTION_UNKNOWN,true
BASE-605,UNKNOWN,FAIL,FAIL,FAIL,PASS,UNKNOWN,false,false,EXECUTION_UNKNOWN,EXECUTION_UNKNOWN,true
BASE-606,UNKNOWN,FAIL,FAIL,FAIL,FAIL,PASS,false,false,EXECUTION_UNKNOWN,EXECUTION_UNKNOWN,true
BASE-607,UNKNOWN,FAIL,FAIL,FAIL,FAIL,FAIL,false,false,EXECUTION_UNKNOWN,EXECUTION_UNKNOWN,true
BASE-608,UNKNOWN,FAIL,FAIL,FAIL,FAIL,UNKNOWN,false,false,EXECUTION_UNKNOWN,EXECUTION_UNKNOWN,true
BASE-609,UNKNOWN,FAIL,FAIL,FAIL,UNKNOWN,PASS,false,false,EXECUTION_UNKNOWN,EXECUTION_UNKNOWN,true
BASE-610,UNKNOWN,FAIL,FAIL,FAIL,UNKNOWN,FAIL,false,false,EXECUTION_UNKNOWN,EXECUTION_UNKNOWN,true
BASE-611,UNKNOWN,FAIL,FAIL,FAIL,UNKNOWN,UNKNOWN,false,false,EXECUTION_UNKNOWN,EXECUTION_UNKNOWN,true
BASE-612,UNKNOWN,FAIL,FAIL,UNKNOWN,PASS,PASS,false,false,EXECUTION_UNKNOWN,EXECUTION_UNKNOWN,true
BASE-613,UNKNOWN,FAIL,FAIL,UNKNOWN,PASS,FAIL,false,false,EXECUTION_UNKNOWN,EXECUTION_UNKNOWN,true
BASE-614,UNKNOWN,FAIL,FAIL,UNKNOWN,PASS,UNKNOWN,false,false,EXECUTION_UNKNOWN,EXECUTION_UNKNOWN,true
BASE-615,UNKNOWN,FAIL,FAIL,UNKNOWN,FAIL,PASS,false,false,EXECUTION_UNKNOWN,EXECUTION_UNKNOWN,true
BASE-616,UNKNOWN,FAIL,FAIL,UNKNOWN,FAIL,FAIL,false,false,EXECUTION_UNKNOWN,EXECUTION_UNKNOWN,true
BASE-617,UNKNOWN,FAIL,FAIL,UNKNOWN,FAIL,UNKNOWN,false,false,EXECUTION_UNKNOWN,EXECUTION_UNKNOWN,true
BASE-618,UNKNOWN,FAIL,FAIL,UNKNOWN,UNKNOWN,PASS,false,false,EXECUTION_UNKNOWN,EXECUTION_UNKNOWN,true
BASE-619,UNKNOWN,FAIL,FAIL,UNKNOWN,UNKNOWN,FAIL,false,false,EXECUTION_UNKNOWN,EXECUTION_UNKNOWN,true
BASE-620,UNKNOWN,FAIL,FAIL,UNKNOWN,UNKNOWN,UNKNOWN,false,false,EXECUTION_UNKNOWN,EXECUTION_UNKNOWN,true
BASE-621,UNKNOWN,FAIL,UNKNOWN,PASS,PASS,PASS,false,false,EXECUTION_UNKNOWN,EXECUTION_UNKNOWN,true
BASE-622,UNKNOWN,FAIL,UNKNOWN,PASS,PASS,FAIL,false,false,EXECUTION_UNKNOWN,EXECUTION_UNKNOWN,true
BASE-623,UNKNOWN,FAIL,UNKNOWN,PASS,PASS,UNKNOWN,false,false,EXECUTION_UNKNOWN,EXECUTION_UNKNOWN,true
BASE-624,UNKNOWN,FAIL,UNKNOWN,PASS,FAIL,PASS,false,false,EXECUTION_UNKNOWN,EXECUTION_UNKNOWN,true
BASE-625,UNKNOWN,FAIL,UNKNOWN,PASS,FAIL,FAIL,false,false,EXECUTION_UNKNOWN,EXECUTION_UNKNOWN,true
BASE-626,UNKNOWN,FAIL,UNKNOWN,PASS,FAIL,UNKNOWN,false,false,EXECUTION_UNKNOWN,EXECUTION_UNKNOWN,true
BASE-627,UNKNOWN,FAIL,UNKNOWN,PASS,UNKNOWN,PASS,false,false,EXECUTION_UNKNOWN,EXECUTION_UNKNOWN,true
BASE-628,UNKNOWN,FAIL,UNKNOWN,PASS,UNKNOWN,FAIL,false,false,EXECUTION_UNKNOWN,EXECUTION_UNKNOWN,true
BASE-629,UNKNOWN,FAIL,UNKNOWN,PASS,UNKNOWN,UNKNOWN,false,false,EXECUTION_UNKNOWN,EXECUTION_UNKNOWN,true
BASE-630,UNKNOWN,FAIL,UNKNOWN,FAIL,PASS,PASS,false,false,EXECUTION_UNKNOWN,EXECUTION_UNKNOWN,true
BASE-631,UNKNOWN,FAIL,UNKNOWN,FAIL,PASS,FAIL,false,false,EXECUTION_UNKNOWN,EXECUTION_UNKNOWN,true
BASE-632,UNKNOWN,FAIL,UNKNOWN,FAIL,PASS,UNKNOWN,false,false,EXECUTION_UNKNOWN,EXECUTION_UNKNOWN,true
BASE-633,UNKNOWN,FAIL,UNKNOWN,FAIL,FAIL,PASS,false,false,EXECUTION_UNKNOWN,EXECUTION_UNKNOWN,true
BASE-634,UNKNOWN,FAIL,UNKNOWN,FAIL,FAIL,FAIL,false,false,EXECUTION_UNKNOWN,EXECUTION_UNKNOWN,true
BASE-635,UNKNOWN,FAIL,UNKNOWN,FAIL,FAIL,UNKNOWN,false,false,EXECUTION_UNKNOWN,EXECUTION_UNKNOWN,true
BASE-636,UNKNOWN,FAIL,UNKNOWN,FAIL,UNKNOWN,PASS,false,false,EXECUTION_UNKNOWN,EXECUTION_UNKNOWN,true
BASE-637,UNKNOWN,FAIL,UNKNOWN,FAIL,UNKNOWN,FAIL,false,false,EXECUTION_UNKNOWN,EXECUTION_UNKNOWN,true
BASE-638,UNKNOWN,FAIL,UNKNOWN,FAIL,UNKNOWN,UNKNOWN,false,false,EXECUTION_UNKNOWN,EXECUTION_UNKNOWN,true
BASE-639,UNKNOWN,FAIL,UNKNOWN,UNKNOWN,PASS,PASS,false,false,EXECUTION_UNKNOWN,EXECUTION_UNKNOWN,true
BASE-640,UNKNOWN,FAIL,UNKNOWN,UNKNOWN,PASS,FAIL,false,false,EXECUTION_UNKNOWN,EXECUTION_UNKNOWN,true
BASE-641,UNKNOWN,FAIL,UNKNOWN,UNKNOWN,PASS,UNKNOWN,false,false,EXECUTION_UNKNOWN,EXECUTION_UNKNOWN,true
BASE-642,UNKNOWN,FAIL,UNKNOWN,UNKNOWN,FAIL,PASS,false,false,EXECUTION_UNKNOWN,EXECUTION_UNKNOWN,true
BASE-643,UNKNOWN,FAIL,UNKNOWN,UNKNOWN,FAIL,FAIL,false,false,EXECUTION_UNKNOWN,EXECUTION_UNKNOWN,true
BASE-644,UNKNOWN,FAIL,UNKNOWN,UNKNOWN,FAIL,UNKNOWN,false,false,EXECUTION_UNKNOWN,EXECUTION_UNKNOWN,true
BASE-645,UNKNOWN,FAIL,UNKNOWN,UNKNOWN,UNKNOWN,PASS,false,false,EXECUTION_UNKNOWN,EXECUTION_UNKNOWN,true
BASE-646,UNKNOWN,FAIL,UNKNOWN,UNKNOWN,UNKNOWN,FAIL,false,false,EXECUTION_UNKNOWN,EXECUTION_UNKNOWN,true
BASE-647,UNKNOWN,FAIL,UNKNOWN,UNKNOWN,UNKNOWN,UNKNOWN,false,false,EXECUTION_UNKNOWN,EXECUTION_UNKNOWN,true
BASE-648,UNKNOWN,UNKNOWN,PASS,PASS,PASS,PASS,false,false,EXECUTION_UNKNOWN,EXECUTION_UNKNOWN,true
BASE-649,UNKNOWN,UNKNOWN,PASS,PASS,PASS,FAIL,false,false,EXECUTION_UNKNOWN,EXECUTION_UNKNOWN,true
BASE-650,UNKNOWN,UNKNOWN,PASS,PASS,PASS,UNKNOWN,false,false,EXECUTION_UNKNOWN,EXECUTION_UNKNOWN,true
BASE-651,UNKNOWN,UNKNOWN,PASS,PASS,FAIL,PASS,false,false,EXECUTION_UNKNOWN,EXECUTION_UNKNOWN,true
BASE-652,UNKNOWN,UNKNOWN,PASS,PASS,FAIL,FAIL,false,false,EXECUTION_UNKNOWN,EXECUTION_UNKNOWN,true
BASE-653,UNKNOWN,UNKNOWN,PASS,PASS,FAIL,UNKNOWN,false,false,EXECUTION_UNKNOWN,EXECUTION_UNKNOWN,true
BASE-654,UNKNOWN,UNKNOWN,PASS,PASS,UNKNOWN,PASS,false,false,EXECUTION_UNKNOWN,EXECUTION_UNKNOWN,true
BASE-655,UNKNOWN,UNKNOWN,PASS,PASS,UNKNOWN,FAIL,false,false,EXECUTION_UNKNOWN,EXECUTION_UNKNOWN,true
BASE-656,UNKNOWN,UNKNOWN,PASS,PASS,UNKNOWN,UNKNOWN,false,false,EXECUTION_UNKNOWN,EXECUTION_UNKNOWN,true
BASE-657,UNKNOWN,UNKNOWN,PASS,FAIL,PASS,PASS,false,false,EXECUTION_UNKNOWN,EXECUTION_UNKNOWN,true
BASE-658,UNKNOWN,UNKNOWN,PASS,FAIL,PASS,FAIL,false,false,EXECUTION_UNKNOWN,EXECUTION_UNKNOWN,true
BASE-659,UNKNOWN,UNKNOWN,PASS,FAIL,PASS,UNKNOWN,false,false,EXECUTION_UNKNOWN,EXECUTION_UNKNOWN,true
BASE-660,UNKNOWN,UNKNOWN,PASS,FAIL,FAIL,PASS,false,false,EXECUTION_UNKNOWN,EXECUTION_UNKNOWN,true
BASE-661,UNKNOWN,UNKNOWN,PASS,FAIL,FAIL,FAIL,false,false,EXECUTION_UNKNOWN,EXECUTION_UNKNOWN,true
BASE-662,UNKNOWN,UNKNOWN,PASS,FAIL,FAIL,UNKNOWN,false,false,EXECUTION_UNKNOWN,EXECUTION_UNKNOWN,true
BASE-663,UNKNOWN,UNKNOWN,PASS,FAIL,UNKNOWN,PASS,false,false,EXECUTION_UNKNOWN,EXECUTION_UNKNOWN,true
BASE-664,UNKNOWN,UNKNOWN,PASS,FAIL,UNKNOWN,FAIL,false,false,EXECUTION_UNKNOWN,EXECUTION_UNKNOWN,true
BASE-665,UNKNOWN,UNKNOWN,PASS,FAIL,UNKNOWN,UNKNOWN,false,false,EXECUTION_UNKNOWN,EXECUTION_UNKNOWN,true
BASE-666,UNKNOWN,UNKNOWN,PASS,UNKNOWN,PASS,PASS,false,false,EXECUTION_UNKNOWN,EXECUTION_UNKNOWN,true
BASE-667,UNKNOWN,UNKNOWN,PASS,UNKNOWN,PASS,FAIL,false,false,EXECUTION_UNKNOWN,EXECUTION_UNKNOWN,true
BASE-668,UNKNOWN,UNKNOWN,PASS,UNKNOWN,PASS,UNKNOWN,false,false,EXECUTION_UNKNOWN,EXECUTION_UNKNOWN,true
BASE-669,UNKNOWN,UNKNOWN,PASS,UNKNOWN,FAIL,PASS,false,false,EXECUTION_UNKNOWN,EXECUTION_UNKNOWN,true
BASE-670,UNKNOWN,UNKNOWN,PASS,UNKNOWN,FAIL,FAIL,false,false,EXECUTION_UNKNOWN,EXECUTION_UNKNOWN,true
BASE-671,UNKNOWN,UNKNOWN,PASS,UNKNOWN,FAIL,UNKNOWN,false,false,EXECUTION_UNKNOWN,EXECUTION_UNKNOWN,true
BASE-672,UNKNOWN,UNKNOWN,PASS,UNKNOWN,UNKNOWN,PASS,false,false,EXECUTION_UNKNOWN,EXECUTION_UNKNOWN,true
BASE-673,UNKNOWN,UNKNOWN,PASS,UNKNOWN,UNKNOWN,FAIL,false,false,EXECUTION_UNKNOWN,EXECUTION_UNKNOWN,true
BASE-674,UNKNOWN,UNKNOWN,PASS,UNKNOWN,UNKNOWN,UNKNOWN,false,false,EXECUTION_UNKNOWN,EXECUTION_UNKNOWN,true
BASE-675,UNKNOWN,UNKNOWN,FAIL,PASS,PASS,PASS,false,false,EXECUTION_UNKNOWN,EXECUTION_UNKNOWN,true
BASE-676,UNKNOWN,UNKNOWN,FAIL,PASS,PASS,FAIL,false,false,EXECUTION_UNKNOWN,EXECUTION_UNKNOWN,true
BASE-677,UNKNOWN,UNKNOWN,FAIL,PASS,PASS,UNKNOWN,false,false,EXECUTION_UNKNOWN,EXECUTION_UNKNOWN,true
BASE-678,UNKNOWN,UNKNOWN,FAIL,PASS,FAIL,PASS,false,false,EXECUTION_UNKNOWN,EXECUTION_UNKNOWN,true
BASE-679,UNKNOWN,UNKNOWN,FAIL,PASS,FAIL,FAIL,false,false,EXECUTION_UNKNOWN,EXECUTION_UNKNOWN,true
BASE-680,UNKNOWN,UNKNOWN,FAIL,PASS,FAIL,UNKNOWN,false,false,EXECUTION_UNKNOWN,EXECUTION_UNKNOWN,true
BASE-681,UNKNOWN,UNKNOWN,FAIL,PASS,UNKNOWN,PASS,false,false,EXECUTION_UNKNOWN,EXECUTION_UNKNOWN,true
BASE-682,UNKNOWN,UNKNOWN,FAIL,PASS,UNKNOWN,FAIL,false,false,EXECUTION_UNKNOWN,EXECUTION_UNKNOWN,true
BASE-683,UNKNOWN,UNKNOWN,FAIL,PASS,UNKNOWN,UNKNOWN,false,false,EXECUTION_UNKNOWN,EXECUTION_UNKNOWN,true
BASE-684,UNKNOWN,UNKNOWN,FAIL,FAIL,PASS,PASS,false,false,EXECUTION_UNKNOWN,EXECUTION_UNKNOWN,true
BASE-685,UNKNOWN,UNKNOWN,FAIL,FAIL,PASS,FAIL,false,false,EXECUTION_UNKNOWN,EXECUTION_UNKNOWN,true
BASE-686,UNKNOWN,UNKNOWN,FAIL,FAIL,PASS,UNKNOWN,false,false,EXECUTION_UNKNOWN,EXECUTION_UNKNOWN,true
BASE-687,UNKNOWN,UNKNOWN,FAIL,FAIL,FAIL,PASS,false,false,EXECUTION_UNKNOWN,EXECUTION_UNKNOWN,true
BASE-688,UNKNOWN,UNKNOWN,FAIL,FAIL,FAIL,FAIL,false,false,EXECUTION_UNKNOWN,EXECUTION_UNKNOWN,true
BASE-689,UNKNOWN,UNKNOWN,FAIL,FAIL,FAIL,UNKNOWN,false,false,EXECUTION_UNKNOWN,EXECUTION_UNKNOWN,true
BASE-690,UNKNOWN,UNKNOWN,FAIL,FAIL,UNKNOWN,PASS,false,false,EXECUTION_UNKNOWN,EXECUTION_UNKNOWN,true
BASE-691,UNKNOWN,UNKNOWN,FAIL,FAIL,UNKNOWN,FAIL,false,false,EXECUTION_UNKNOWN,EXECUTION_UNKNOWN,true
BASE-692,UNKNOWN,UNKNOWN,FAIL,FAIL,UNKNOWN,UNKNOWN,false,false,EXECUTION_UNKNOWN,EXECUTION_UNKNOWN,true
BASE-693,UNKNOWN,UNKNOWN,FAIL,UNKNOWN,PASS,PASS,false,false,EXECUTION_UNKNOWN,EXECUTION_UNKNOWN,true
BASE-694,UNKNOWN,UNKNOWN,FAIL,UNKNOWN,PASS,FAIL,false,false,EXECUTION_UNKNOWN,EXECUTION_UNKNOWN,true
BASE-695,UNKNOWN,UNKNOWN,FAIL,UNKNOWN,PASS,UNKNOWN,false,false,EXECUTION_UNKNOWN,EXECUTION_UNKNOWN,true
BASE-696,UNKNOWN,UNKNOWN,FAIL,UNKNOWN,FAIL,PASS,false,false,EXECUTION_UNKNOWN,EXECUTION_UNKNOWN,true
BASE-697,UNKNOWN,UNKNOWN,FAIL,UNKNOWN,FAIL,FAIL,false,false,EXECUTION_UNKNOWN,EXECUTION_UNKNOWN,true
BASE-698,UNKNOWN,UNKNOWN,FAIL,UNKNOWN,FAIL,UNKNOWN,false,false,EXECUTION_UNKNOWN,EXECUTION_UNKNOWN,true
BASE-699,UNKNOWN,UNKNOWN,FAIL,UNKNOWN,UNKNOWN,PASS,false,false,EXECUTION_UNKNOWN,EXECUTION_UNKNOWN,true
BASE-700,UNKNOWN,UNKNOWN,FAIL,UNKNOWN,UNKNOWN,FAIL,false,false,EXECUTION_UNKNOWN,EXECUTION_UNKNOWN,true
BASE-701,UNKNOWN,UNKNOWN,FAIL,UNKNOWN,UNKNOWN,UNKNOWN,false,false,EXECUTION_UNKNOWN,EXECUTION_UNKNOWN,true
BASE-702,UNKNOWN,UNKNOWN,UNKNOWN,PASS,PASS,PASS,false,false,EXECUTION_UNKNOWN,EXECUTION_UNKNOWN,true
BASE-703,UNKNOWN,UNKNOWN,UNKNOWN,PASS,PASS,FAIL,false,false,EXECUTION_UNKNOWN,EXECUTION_UNKNOWN,true
BASE-704,UNKNOWN,UNKNOWN,UNKNOWN,PASS,PASS,UNKNOWN,false,false,EXECUTION_UNKNOWN,EXECUTION_UNKNOWN,true
BASE-705,UNKNOWN,UNKNOWN,UNKNOWN,PASS,FAIL,PASS,false,false,EXECUTION_UNKNOWN,EXECUTION_UNKNOWN,true
BASE-706,UNKNOWN,UNKNOWN,UNKNOWN,PASS,FAIL,FAIL,false,false,EXECUTION_UNKNOWN,EXECUTION_UNKNOWN,true
BASE-707,UNKNOWN,UNKNOWN,UNKNOWN,PASS,FAIL,UNKNOWN,false,false,EXECUTION_UNKNOWN,EXECUTION_UNKNOWN,true
BASE-708,UNKNOWN,UNKNOWN,UNKNOWN,PASS,UNKNOWN,PASS,false,false,EXECUTION_UNKNOWN,EXECUTION_UNKNOWN,true
BASE-709,UNKNOWN,UNKNOWN,UNKNOWN,PASS,UNKNOWN,FAIL,false,false,EXECUTION_UNKNOWN,EXECUTION_UNKNOWN,true
BASE-710,UNKNOWN,UNKNOWN,UNKNOWN,PASS,UNKNOWN,UNKNOWN,false,false,EXECUTION_UNKNOWN,EXECUTION_UNKNOWN,true
BASE-711,UNKNOWN,UNKNOWN,UNKNOWN,FAIL,PASS,PASS,false,false,EXECUTION_UNKNOWN,EXECUTION_UNKNOWN,true
BASE-712,UNKNOWN,UNKNOWN,UNKNOWN,FAIL,PASS,FAIL,false,false,EXECUTION_UNKNOWN,EXECUTION_UNKNOWN,true
BASE-713,UNKNOWN,UNKNOWN,UNKNOWN,FAIL,PASS,UNKNOWN,false,false,EXECUTION_UNKNOWN,EXECUTION_UNKNOWN,true
BASE-714,UNKNOWN,UNKNOWN,UNKNOWN,FAIL,FAIL,PASS,false,false,EXECUTION_UNKNOWN,EXECUTION_UNKNOWN,true
BASE-715,UNKNOWN,UNKNOWN,UNKNOWN,FAIL,FAIL,FAIL,false,false,EXECUTION_UNKNOWN,EXECUTION_UNKNOWN,true
BASE-716,UNKNOWN,UNKNOWN,UNKNOWN,FAIL,FAIL,UNKNOWN,false,false,EXECUTION_UNKNOWN,EXECUTION_UNKNOWN,true
BASE-717,UNKNOWN,UNKNOWN,UNKNOWN,FAIL,UNKNOWN,PASS,false,false,EXECUTION_UNKNOWN,EXECUTION_UNKNOWN,true
BASE-718,UNKNOWN,UNKNOWN,UNKNOWN,FAIL,UNKNOWN,FAIL,false,false,EXECUTION_UNKNOWN,EXECUTION_UNKNOWN,true
BASE-719,UNKNOWN,UNKNOWN,UNKNOWN,FAIL,UNKNOWN,UNKNOWN,false,false,EXECUTION_UNKNOWN,EXECUTION_UNKNOWN,true
BASE-720,UNKNOWN,UNKNOWN,UNKNOWN,UNKNOWN,PASS,PASS,false,false,EXECUTION_UNKNOWN,EXECUTION_UNKNOWN,true
BASE-721,UNKNOWN,UNKNOWN,UNKNOWN,UNKNOWN,PASS,FAIL,false,false,EXECUTION_UNKNOWN,EXECUTION_UNKNOWN,true
BASE-722,UNKNOWN,UNKNOWN,UNKNOWN,UNKNOWN,PASS,UNKNOWN,false,false,EXECUTION_UNKNOWN,EXECUTION_UNKNOWN,true
BASE-723,UNKNOWN,UNKNOWN,UNKNOWN,UNKNOWN,FAIL,PASS,false,false,EXECUTION_UNKNOWN,EXECUTION_UNKNOWN,true
BASE-724,UNKNOWN,UNKNOWN,UNKNOWN,UNKNOWN,FAIL,FAIL,false,false,EXECUTION_UNKNOWN,EXECUTION_UNKNOWN,true
BASE-725,UNKNOWN,UNKNOWN,UNKNOWN,UNKNOWN,FAIL,UNKNOWN,false,false,EXECUTION_UNKNOWN,EXECUTION_UNKNOWN,true
BASE-726,UNKNOWN,UNKNOWN,UNKNOWN,UNKNOWN,UNKNOWN,PASS,false,false,EXECUTION_UNKNOWN,EXECUTION_UNKNOWN,true
BASE-727,UNKNOWN,UNKNOWN,UNKNOWN,UNKNOWN,UNKNOWN,FAIL,false,false,EXECUTION_UNKNOWN,EXECUTION_UNKNOWN,true
BASE-728,UNKNOWN,UNKNOWN,UNKNOWN,UNKNOWN,UNKNOWN,UNKNOWN,false,false,EXECUTION_UNKNOWN,EXECUTION_UNKNOWN,true
